{"__type":"$$EventMessageAudit","id":"66906442-6a37-45ed-b39d-54f9fedb3326","ts":"2026-01-21T14:16:28.171+00:00","eventName":"n8n.audit.user.invited","message":"n8n.audit.user.invited","payload":{"userId":"7dce4ed2-50f5-4428-b2d7-997f571a0c1e","_email":"xmsxms000@gmail.com","_firstName":"YOUNGWOO","_lastName":"LEE","globalRole":"global:owner","targetUserId":["b313919a-17ba-403b-a288-40b5aa54e3f0"]}}
{"__type":"$$EventMessageConfirm","confirm":"66906442-6a37-45ed-b39d-54f9fedb3326","ts":"2026-01-21T14:16:28.172+00:00","source":{"id":"0","name":"eventBus"}}
{"__type":"$$EventMessageAudit","id":"c1f1a353-a0bf-491e-91ef-837ba4b496e3","ts":"2026-01-21T14:18:20.790+00:00","eventName":"n8n.audit.user.invitation.accepted","message":"n8n.audit.user.invitation.accepted","payload":{"inviter":{"userId":"7dce4ed2-50f5-4428-b2d7-997f571a0c1e","_email":"xmsxms000@gmail.com","_firstName":"YOUNGWOO","_lastName":"LEE","globalRole":"global:owner"},"invitee":{"userId":"b313919a-17ba-403b-a288-40b5aa54e3f0","_email":"s0912135@gmail.com","_firstName":null,"_lastName":null,"globalRole":"global:member"}}}
{"__type":"$$EventMessageConfirm","confirm":"c1f1a353-a0bf-491e-91ef-837ba4b496e3","ts":"2026-01-21T14:18:20.790+00:00","source":{"id":"0","name":"eventBus"}}
{"__type":"$$EventMessageAudit","id":"f5f852f0-f181-4800-a6bd-d732a66717b9","ts":"2026-01-21T14:18:59.730+00:00","eventName":"n8n.audit.user.signedup","message":"n8n.audit.user.signedup","payload":{"userId":"b313919a-17ba-403b-a288-40b5aa54e3f0","_email":"s0912135@gmail.com","_firstName":"yujin","_lastName":"park","globalRole":"global:member"}}
{"__type":"$$EventMessageConfirm","confirm":"f5f852f0-f181-4800-a6bd-d732a66717b9","ts":"2026-01-21T14:18:59.730+00:00","source":{"id":"0","name":"eventBus"}}
{"__type":"$$EventMessageAudit","id":"5fc23846-a8af-4bc6-ad32-6865b2a344a5","ts":"2026-01-21T14:19:59.050+00:00","eventName":"n8n.audit.workflow.created","message":"n8n.audit.workflow.created","payload":{"userId":"7dce4ed2-50f5-4428-b2d7-997f571a0c1e","_email":"xmsxms000@gmail.com","_firstName":"YOUNGWOO","_lastName":"LEE","globalRole":"global:owner","workflowId":"_53rNqn32yrHtL0nStmtK","workflowName":"My workflow"}}
{"__type":"$$EventMessageConfirm","confirm":"5fc23846-a8af-4bc6-ad32-6865b2a344a5","ts":"2026-01-21T14:19:59.050+00:00","source":{"id":"0","name":"eventBus"}}
{"__type":"$$EventMessageAudit","id":"bd05925c-5809-41dc-b64d-e433864cd88e","ts":"2026-01-21T14:21:14.391+00:00","eventName":"n8n.audit.workflow.created","message":"n8n.audit.workflow.created","payload":{"userId":"b313919a-17ba-403b-a288-40b5aa54e3f0","_email":"s0912135@gmail.com","_firstName":"yujin","_lastName":"park","globalRole":"global:member","workflowId":"ui5bvlDR781D6htm_MLrO","workflowName":"My workflow 2"}}
{"__type":"$$EventMessageConfirm","confirm":"bd05925c-5809-41dc-b64d-e433864cd88e","ts":"2026-01-21T14:21:14.392+00:00","source":{"id":"0","name":"eventBus"}}
{"__type":"$$EventMessageAudit","id":"a6788f78-06fc-4a23-b463-32c376d4597a","ts":"2026-01-21T14:22:11.843+00:00","eventName":"n8n.audit.workflow.created","message":"n8n.audit.workflow.created","payload":{"userId":"7dce4ed2-50f5-4428-b2d7-997f571a0c1e","_email":"xmsxms000@gmail.com","_firstName":"YOUNGWOO","_lastName":"LEE","globalRole":"global:owner","workflowId":"CSvaYwGObpHq1ZIy","workflowName":"My workflow 2 copy"}}
{"__type":"$$EventMessageConfirm","confirm":"a6788f78-06fc-4a23-b463-32c376d4597a","ts":"2026-01-21T14:22:11.844+00:00","source":{"id":"0","name":"eventBus"}}
{"__type":"$$EventMessageAudit","id":"12afea57-3826-4214-aa07-bbcd80ab319f","ts":"2026-01-21T14:22:19.166+00:00","eventName":"n8n.audit.workflow.archived","message":"n8n.audit.workflow.archived","payload":{"userId":"7dce4ed2-50f5-4428-b2d7-997f571a0c1e","_email":"xmsxms000@gmail.com","_firstName":"YOUNGWOO","_lastName":"LEE","globalRole":"global:owner","workflowId":"CSvaYwGObpHq1ZIy"}}
{"__type":"$$EventMessageConfirm","confirm":"12afea57-3826-4214-aa07-bbcd80ab319f","ts":"2026-01-21T14:22:19.166+00:00","source":{"id":"0","name":"eventBus"}}
{"__type":"$$EventMessageAudit","id":"ea6d5b86-459a-48f2-9cc3-9dce30fea8df","ts":"2026-01-21T14:22:21.408+00:00","eventName":"n8n.audit.workflow.archived","message":"n8n.audit.workflow.archived","payload":{"userId":"7dce4ed2-50f5-4428-b2d7-997f571a0c1e","_email":"xmsxms000@gmail.com","_firstName":"YOUNGWOO","_lastName":"LEE","globalRole":"global:owner","workflowId":"ui5bvlDR781D6htm_MLrO"}}
{"__type":"$$EventMessageConfirm","confirm":"ea6d5b86-459a-48f2-9cc3-9dce30fea8df","ts":"2026-01-21T14:22:21.408+00:00","source":{"id":"0","name":"eventBus"}}
{"__type":"$$EventMessageAudit","id":"f46734bb-8828-43c7-85f3-b1144f162d69","ts":"2026-01-21T14:25:20.434+00:00","eventName":"n8n.audit.user.credentials.created","message":"n8n.audit.user.credentials.created","payload":{"userId":"7dce4ed2-50f5-4428-b2d7-997f571a0c1e","_email":"xmsxms000@gmail.com","_firstName":"YOUNGWOO","_lastName":"LEE","globalRole":"global:owner","credentialType":"googlePalmApi","credentialId":"zMvfiHrPq6xSXUHP","publicApi":false,"projectId":"0BK0NtRJm9x6YII5","projectType":"personal"}}
{"__type":"$$EventMessageConfirm","confirm":"f46734bb-8828-43c7-85f3-b1144f162d69","ts":"2026-01-21T14:25:20.434+00:00","source":{"id":"0","name":"eventBus"}}
{"__type":"$$EventMessageAudit","id":"55c5ac7b-6f50-482d-bf26-6d6a5c61ced2","ts":"2026-01-21T09:33:14.144-05:00","eventName":"n8n.audit.user.credentials.created","message":"n8n.audit.user.credentials.created","payload":{"userId":"7dce4ed2-50f5-4428-b2d7-997f571a0c1e","_email":"xmsxms000@gmail.com","_firstName":"YOUNGWOO","_lastName":"LEE","globalRole":"global:owner","credentialType":"githubApi","credentialId":"K6L88kZ59QBIQDMQ","publicApi":false,"projectId":"0BK0NtRJm9x6YII5","projectType":"personal"}}
{"__type":"$$EventMessageConfirm","confirm":"55c5ac7b-6f50-482d-bf26-6d6a5c61ced2","ts":"2026-01-21T09:33:14.145-05:00","source":{"id":"0","name":"eventBus"}}
{"__type":"$$EventMessageWorkflow","id":"f4eaa335-2702-49f8-8810-f88af485100b","ts":"2026-01-21T09:35:42.740-05:00","eventName":"n8n.workflow.started","message":"n8n.workflow.started","payload":{"executionId":"1","workflowId":"_53rNqn32yrHtL0nStmtK","isManual":false,"workflowName":"My workflow"}}
{"__type":"$$EventMessageConfirm","confirm":"f4eaa335-2702-49f8-8810-f88af485100b","ts":"2026-01-21T09:35:42.740-05:00","source":{"id":"0","name":"eventBus"}}
{"__type":"$$EventMessageNode","id":"c840b6de-e9aa-4669-a850-0407e1e33828","ts":"2026-01-21T09:35:42.741-05:00","eventName":"n8n.node.started","message":"n8n.node.started","payload":{"workflowId":"_53rNqn32yrHtL0nStmtK","workflowName":"My workflow","executionId":"1","nodeType":"n8n-nodes-base.githubTrigger","nodeName":"Github Trigger","nodeId":"1d6e384a-fae4-4cee-b98b-272f5524802e"}}
{"__type":"$$EventMessageConfirm","confirm":"c840b6de-e9aa-4669-a850-0407e1e33828","ts":"2026-01-21T09:35:42.741-05:00","source":{"id":"0","name":"eventBus"}}
{"__type":"$$EventMessageNode","id":"442b2b07-a8b5-4d44-8da4-0309684efa76","ts":"2026-01-21T09:35:42.742-05:00","eventName":"n8n.node.finished","message":"n8n.node.finished","payload":{"workflowId":"_53rNqn32yrHtL0nStmtK","workflowName":"My workflow","executionId":"1","nodeType":"n8n-nodes-base.githubTrigger","nodeName":"Github Trigger","nodeId":"1d6e384a-fae4-4cee-b98b-272f5524802e"}}
{"__type":"$$EventMessageConfirm","confirm":"442b2b07-a8b5-4d44-8da4-0309684efa76","ts":"2026-01-21T09:35:42.742-05:00","source":{"id":"0","name":"eventBus"}}
{"__type":"$$EventMessageNode","id":"bf77de01-752d-4e9c-ab47-b1aab10d934a","ts":"2026-01-21T09:35:42.744-05:00","eventName":"n8n.node.started","message":"n8n.node.started","payload":{"workflowId":"_53rNqn32yrHtL0nStmtK","workflowName":"My workflow","executionId":"1","nodeType":"n8n-nodes-base.httpRequest","nodeName":"HTTP Request","nodeId":"401e92cf-8c13-4b45-9aec-6d7c2e5643c0"}}
{"__type":"$$EventMessageConfirm","confirm":"bf77de01-752d-4e9c-ab47-b1aab10d934a","ts":"2026-01-21T09:35:42.744-05:00","source":{"id":"0","name":"eventBus"}}
{"__type":"$$EventMessageNode","id":"97b1fe9c-9a87-410f-9e9c-b13abbca6d60","ts":"2026-01-21T09:35:43.204-05:00","eventName":"n8n.node.finished","message":"n8n.node.finished","payload":{"workflowId":"_53rNqn32yrHtL0nStmtK","workflowName":"My workflow","executionId":"1","nodeType":"n8n-nodes-base.httpRequest","nodeName":"HTTP Request","nodeId":"401e92cf-8c13-4b45-9aec-6d7c2e5643c0"}}
{"__type":"$$EventMessageConfirm","confirm":"97b1fe9c-9a87-410f-9e9c-b13abbca6d60","ts":"2026-01-21T09:35:43.205-05:00","source":{"id":"0","name":"eventBus"}}
{"__type":"$$EventMessageNode","id":"0e3051c9-eb88-42ff-930f-c02a35fa4965","ts":"2026-01-21T09:35:43.205-05:00","eventName":"n8n.node.started","message":"n8n.node.started","payload":{"workflowId":"_53rNqn32yrHtL0nStmtK","workflowName":"My workflow","executionId":"1","nodeType":"n8n-nodes-base.code","nodeName":"Code in JavaScript","nodeId":"b61f21a9-cb3a-4e68-adf9-c07f71b4ee72"}}
{"__type":"$$EventMessageConfirm","confirm":"0e3051c9-eb88-42ff-930f-c02a35fa4965","ts":"2026-01-21T09:35:43.206-05:00","source":{"id":"0","name":"eventBus"}}
{"__type":"$$EventMessageRunner","id":"89251942-c97a-44b6-8cbb-2d3952519b5e","ts":"2026-01-21T09:35:43.209-05:00","eventName":"n8n.runner.task.requested","message":"n8n.runner.task.requested","payload":{"taskId":"XWK2GreE","nodeId":"b61f21a9-cb3a-4e68-adf9-c07f71b4ee72","workflowId":"_53rNqn32yrHtL0nStmtK","executionId":"1"}}
{"__type":"$$EventMessageConfirm","confirm":"89251942-c97a-44b6-8cbb-2d3952519b5e","ts":"2026-01-21T09:35:43.209-05:00","source":{"id":"0","name":"eventBus"}}
{"__type":"$$EventMessageRunner","id":"6ec0486b-fbee-4454-be64-27b2d8e75a0b","ts":"2026-01-21T09:35:43.263-05:00","eventName":"n8n.runner.response.received","message":"n8n.runner.response.received","payload":{"taskId":"XWK2GreE","nodeId":"b61f21a9-cb3a-4e68-adf9-c07f71b4ee72","workflowId":"_53rNqn32yrHtL0nStmtK","executionId":"1"}}
{"__type":"$$EventMessageConfirm","confirm":"6ec0486b-fbee-4454-be64-27b2d8e75a0b","ts":"2026-01-21T09:35:43.263-05:00","source":{"id":"0","name":"eventBus"}}
{"__type":"$$EventMessageNode","id":"6c59cf0e-707c-40a3-bafd-67e794efb8d4","ts":"2026-01-21T09:35:43.264-05:00","eventName":"n8n.node.finished","message":"n8n.node.finished","payload":{"workflowId":"_53rNqn32yrHtL0nStmtK","workflowName":"My workflow","executionId":"1","nodeType":"n8n-nodes-base.code","nodeName":"Code in JavaScript","nodeId":"b61f21a9-cb3a-4e68-adf9-c07f71b4ee72"}}
{"__type":"$$EventMessageConfirm","confirm":"6c59cf0e-707c-40a3-bafd-67e794efb8d4","ts":"2026-01-21T09:35:43.264-05:00","source":{"id":"0","name":"eventBus"}}
{"__type":"$$EventMessageNode","id":"f57d23d0-c577-4791-8c28-e3fae0a97ca2","ts":"2026-01-21T09:35:43.264-05:00","eventName":"n8n.node.started","message":"n8n.node.started","payload":{"workflowId":"_53rNqn32yrHtL0nStmtK","workflowName":"My workflow","executionId":"1","nodeType":"@n8n/n8n-nodes-langchain.googleGemini","nodeName":"Message a model","nodeId":"0bc2442f-9924-42a9-aba2-b33888e17b27"}}
{"__type":"$$EventMessageConfirm","confirm":"f57d23d0-c577-4791-8c28-e3fae0a97ca2","ts":"2026-01-21T09:35:43.264-05:00","source":{"id":"0","name":"eventBus"}}
{"__type":"$$EventMessageNode","id":"574bb880-8a06-4360-a5af-5a50e439a754","ts":"2026-01-21T09:35:57.254-05:00","eventName":"n8n.node.finished","message":"n8n.node.finished","payload":{"workflowId":"_53rNqn32yrHtL0nStmtK","workflowName":"My workflow","executionId":"1","nodeType":"@n8n/n8n-nodes-langchain.googleGemini","nodeName":"Message a model","nodeId":"0bc2442f-9924-42a9-aba2-b33888e17b27"}}
{"__type":"$$EventMessageConfirm","confirm":"574bb880-8a06-4360-a5af-5a50e439a754","ts":"2026-01-21T09:35:57.254-05:00","source":{"id":"0","name":"eventBus"}}
{"__type":"$$EventMessageWorkflow","id":"1abf3a32-818e-434d-ac4d-69a651f7e37f","ts":"2026-01-21T09:35:57.270-05:00","eventName":"n8n.workflow.success","message":"n8n.workflow.success","payload":{"executionId":"1","success":true,"isManual":true,"workflowId":"_53rNqn32yrHtL0nStmtK","workflowName":"My workflow"}}
{"__type":"$$EventMessageConfirm","confirm":"1abf3a32-818e-434d-ac4d-69a651f7e37f","ts":"2026-01-21T09:35:57.270-05:00","source":{"id":"0","name":"eventBus"}}
{"__type":"$$EventMessageAudit","id":"f211c921-3c0f-4158-928d-29cbe3623ab2","ts":"2026-01-21T09:40:58.263-05:00","eventName":"n8n.audit.workflow.created","message":"n8n.audit.workflow.created","payload":{"userId":"b313919a-17ba-403b-a288-40b5aa54e3f0","_email":"s0912135@gmail.com","_firstName":"yujin","_lastName":"park","globalRole":"global:member","workflowId":"TOVHzUxDSZ1wubOx","workflowName":"My workflow 2 copy 2"}}
{"__type":"$$EventMessageConfirm","confirm":"f211c921-3c0f-4158-928d-29cbe3623ab2","ts":"2026-01-21T09:40:58.263-05:00","source":{"id":"0","name":"eventBus"}}
{"__type":"$$EventMessageAudit","id":"07e31733-e1b5-4120-af14-8262deb2d806","ts":"2026-01-21T09:46:58.721-05:00","eventName":"n8n.audit.workflow.created","message":"n8n.audit.workflow.created","payload":{"userId":"b313919a-17ba-403b-a288-40b5aa54e3f0","_email":"s0912135@gmail.com","_firstName":"yujin","_lastName":"park","globalRole":"global:member","workflowId":"zyy4c4U3AB0k5eK_mXYI-","workflowName":"My workflow 3"}}
{"__type":"$$EventMessageConfirm","confirm":"07e31733-e1b5-4120-af14-8262deb2d806","ts":"2026-01-21T09:46:58.722-05:00","source":{"id":"0","name":"eventBus"}}
{"__type":"$$EventMessageAudit","id":"781c3b80-c9ad-432d-870c-2fddd003dcb5","ts":"2026-01-21T09:54:41.422-05:00","eventName":"n8n.audit.workflow.created","message":"n8n.audit.workflow.created","payload":{"userId":"b313919a-17ba-403b-a288-40b5aa54e3f0","_email":"s0912135@gmail.com","_firstName":"yujin","_lastName":"park","globalRole":"global:member","workflowId":"tWKTVz1uq9TKDVn9","workflowName":"My workflow 3 copy"}}
{"__type":"$$EventMessageConfirm","confirm":"781c3b80-c9ad-432d-870c-2fddd003dcb5","ts":"2026-01-21T09:54:41.422-05:00","source":{"id":"0","name":"eventBus"}}
{"__type":"$$EventMessageAudit","id":"30b62c31-40de-411b-bc71-20e2c2011618","ts":"2026-01-21T09:55:04.455-05:00","eventName":"n8n.audit.workflow.created","message":"n8n.audit.workflow.created","payload":{"userId":"b313919a-17ba-403b-a288-40b5aa54e3f0","_email":"s0912135@gmail.com","_firstName":"yujin","_lastName":"park","globalRole":"global:member","workflowId":"CTgx6oUSaM78hAeV-Qdmr","workflowName":"yujin_workflow"}}
{"__type":"$$EventMessageConfirm","confirm":"30b62c31-40de-411b-bc71-20e2c2011618","ts":"2026-01-21T09:55:04.456-05:00","source":{"id":"0","name":"eventBus"}}
{"__type":"$$EventMessageAudit","id":"4e7f3a4d-f2f7-48d5-a3c8-7a6b3b6e75d8","ts":"2026-01-21T09:56:39.246-05:00","eventName":"n8n.audit.workflow.updated","message":"n8n.audit.workflow.updated","payload":{"userId":"b313919a-17ba-403b-a288-40b5aa54e3f0","_email":"s0912135@gmail.com","_firstName":"yujin","_lastName":"park","globalRole":"global:member","workflowId":"CTgx6oUSaM78hAeV-Qdmr","workflowName":"My workflow"}}
{"__type":"$$EventMessageConfirm","confirm":"4e7f3a4d-f2f7-48d5-a3c8-7a6b3b6e75d8","ts":"2026-01-21T09:56:39.246-05:00","source":{"id":"0","name":"eventBus"}}
{"__type":"$$EventMessageAudit","id":"4f301034-de06-47ba-9cc4-75930b12ec4e","ts":"2026-01-21T09:58:56.084-05:00","eventName":"n8n.audit.user.credentials.created","message":"n8n.audit.user.credentials.created","payload":{"userId":"b313919a-17ba-403b-a288-40b5aa54e3f0","_email":"s0912135@gmail.com","_firstName":"yujin","_lastName":"park","globalRole":"global:member","credentialType":"githubApi","credentialId":"jWLbPEkZ3tuSlymN","publicApi":false,"projectId":"nCiGhfxXk2EehrN2","projectType":"personal"}}
{"__type":"$$EventMessageConfirm","confirm":"4f301034-de06-47ba-9cc4-75930b12ec4e","ts":"2026-01-21T09:58:56.085-05:00","source":{"id":"0","name":"eventBus"}}
{"__type":"$$EventMessageAudit","id":"d2a59662-a1a8-4798-ad0b-8ad93e985f75","ts":"2026-01-21T10:00:29.973-05:00","eventName":"n8n.audit.user.credentials.created","message":"n8n.audit.user.credentials.created","payload":{"userId":"b313919a-17ba-403b-a288-40b5aa54e3f0","_email":"s0912135@gmail.com","_firstName":"yujin","_lastName":"park","globalRole":"global:member","credentialType":"googlePalmApi","credentialId":"b2FZMgP6ETLv6Vqz","publicApi":false,"projectId":"nCiGhfxXk2EehrN2","projectType":"personal"}}
{"__type":"$$EventMessageConfirm","confirm":"d2a59662-a1a8-4798-ad0b-8ad93e985f75","ts":"2026-01-21T10:00:29.973-05:00","source":{"id":"0","name":"eventBus"}}
{"__type":"$$EventMessageAudit","id":"35056a2c-f9af-4217-885a-6f2efb5544a5","ts":"2026-01-21T10:02:20.632-05:00","eventName":"n8n.audit.workflow.updated","message":"n8n.audit.workflow.updated","payload":{"userId":"b313919a-17ba-403b-a288-40b5aa54e3f0","_email":"s0912135@gmail.com","_firstName":"yujin","_lastName":"park","globalRole":"global:member","workflowId":"CTgx6oUSaM78hAeV-Qdmr","workflowName":"My workflow"}}
{"__type":"$$EventMessageConfirm","confirm":"35056a2c-f9af-4217-885a-6f2efb5544a5","ts":"2026-01-21T10:02:20.632-05:00","source":{"id":"0","name":"eventBus"}}
{"__type":"$$EventMessageWorkflow","id":"873ca437-0802-4793-956c-5b175047a1b1","ts":"2026-01-21T10:03:19.657-05:00","eventName":"n8n.workflow.started","message":"n8n.workflow.started","payload":{"executionId":"2","workflowId":"CTgx6oUSaM78hAeV-Qdmr","isManual":false,"workflowName":"My workflow"}}
{"__type":"$$EventMessageConfirm","confirm":"873ca437-0802-4793-956c-5b175047a1b1","ts":"2026-01-21T10:03:19.658-05:00","source":{"id":"0","name":"eventBus"}}
{"__type":"$$EventMessageNode","id":"8eb0ef98-9b7c-43db-a6ab-00109650cc9b","ts":"2026-01-21T10:03:19.660-05:00","eventName":"n8n.node.started","message":"n8n.node.started","payload":{"workflowId":"CTgx6oUSaM78hAeV-Qdmr","workflowName":"My workflow","executionId":"2","nodeType":"n8n-nodes-base.githubTrigger","nodeName":"Github Trigger","nodeId":"aabec78a-9abd-47c5-9c53-e4c9e67ce503"}}
{"__type":"$$EventMessageConfirm","confirm":"8eb0ef98-9b7c-43db-a6ab-00109650cc9b","ts":"2026-01-21T10:03:19.660-05:00","source":{"id":"0","name":"eventBus"}}
{"__type":"$$EventMessageNode","id":"6b9923f9-44b8-44b3-8dbf-f5f0166ae4e3","ts":"2026-01-21T10:03:19.661-05:00","eventName":"n8n.node.finished","message":"n8n.node.finished","payload":{"workflowId":"CTgx6oUSaM78hAeV-Qdmr","workflowName":"My workflow","executionId":"2","nodeType":"n8n-nodes-base.githubTrigger","nodeName":"Github Trigger","nodeId":"aabec78a-9abd-47c5-9c53-e4c9e67ce503"}}
{"__type":"$$EventMessageConfirm","confirm":"6b9923f9-44b8-44b3-8dbf-f5f0166ae4e3","ts":"2026-01-21T10:03:19.662-05:00","source":{"id":"0","name":"eventBus"}}
{"__type":"$$EventMessageNode","id":"62429213-367a-4565-9235-ed4e8b12a3ff","ts":"2026-01-21T10:03:19.663-05:00","eventName":"n8n.node.started","message":"n8n.node.started","payload":{"workflowId":"CTgx6oUSaM78hAeV-Qdmr","workflowName":"My workflow","executionId":"2","nodeType":"n8n-nodes-base.httpRequest","nodeName":"HTTP Request","nodeId":"70551278-1ae5-42df-a674-7033a3db3977"}}
{"__type":"$$EventMessageConfirm","confirm":"62429213-367a-4565-9235-ed4e8b12a3ff","ts":"2026-01-21T10:03:19.664-05:00","source":{"id":"0","name":"eventBus"}}
{"__type":"$$EventMessageNode","id":"0c035986-6dd5-4500-a8cd-b8bb843f8570","ts":"2026-01-21T10:03:20.074-05:00","eventName":"n8n.node.finished","message":"n8n.node.finished","payload":{"workflowId":"CTgx6oUSaM78hAeV-Qdmr","workflowName":"My workflow","executionId":"2","nodeType":"n8n-nodes-base.httpRequest","nodeName":"HTTP Request","nodeId":"70551278-1ae5-42df-a674-7033a3db3977"}}
{"__type":"$$EventMessageConfirm","confirm":"0c035986-6dd5-4500-a8cd-b8bb843f8570","ts":"2026-01-21T10:03:20.074-05:00","source":{"id":"0","name":"eventBus"}}
{"__type":"$$EventMessageNode","id":"0a7edf9c-c3e0-47dd-9dd1-c72a21f3fe44","ts":"2026-01-21T10:03:20.075-05:00","eventName":"n8n.node.started","message":"n8n.node.started","payload":{"workflowId":"CTgx6oUSaM78hAeV-Qdmr","workflowName":"My workflow","executionId":"2","nodeType":"n8n-nodes-base.code","nodeName":"Code in JavaScript","nodeId":"b6acb935-27b6-43f7-b7cf-6e9b17119f5e"}}
{"__type":"$$EventMessageConfirm","confirm":"0a7edf9c-c3e0-47dd-9dd1-c72a21f3fe44","ts":"2026-01-21T10:03:20.075-05:00","source":{"id":"0","name":"eventBus"}}
{"__type":"$$EventMessageRunner","id":"205a9050-64cf-4b38-b890-9e8c1f7cc535","ts":"2026-01-21T10:03:20.079-05:00","eventName":"n8n.runner.task.requested","message":"n8n.runner.task.requested","payload":{"taskId":"g7ZIBptV","nodeId":"b6acb935-27b6-43f7-b7cf-6e9b17119f5e","workflowId":"CTgx6oUSaM78hAeV-Qdmr","executionId":"2"}}
{"__type":"$$EventMessageConfirm","confirm":"205a9050-64cf-4b38-b890-9e8c1f7cc535","ts":"2026-01-21T10:03:20.079-05:00","source":{"id":"0","name":"eventBus"}}
{"__type":"$$EventMessageRunner","id":"a603ce20-d981-4288-b204-cf8caf57b3fa","ts":"2026-01-21T10:03:20.112-05:00","eventName":"n8n.runner.response.received","message":"n8n.runner.response.received","payload":{"taskId":"g7ZIBptV","nodeId":"b6acb935-27b6-43f7-b7cf-6e9b17119f5e","workflowId":"CTgx6oUSaM78hAeV-Qdmr","executionId":"2"}}
{"__type":"$$EventMessageConfirm","confirm":"a603ce20-d981-4288-b204-cf8caf57b3fa","ts":"2026-01-21T10:03:20.112-05:00","source":{"id":"0","name":"eventBus"}}
{"__type":"$$EventMessageNode","id":"fa41ddeb-92dc-4a8c-a708-a79974f7b711","ts":"2026-01-21T10:03:20.116-05:00","eventName":"n8n.node.finished","message":"n8n.node.finished","payload":{"workflowId":"CTgx6oUSaM78hAeV-Qdmr","workflowName":"My workflow","executionId":"2","nodeType":"n8n-nodes-base.code","nodeName":"Code in JavaScript","nodeId":"b6acb935-27b6-43f7-b7cf-6e9b17119f5e"}}
{"__type":"$$EventMessageConfirm","confirm":"fa41ddeb-92dc-4a8c-a708-a79974f7b711","ts":"2026-01-21T10:03:20.116-05:00","source":{"id":"0","name":"eventBus"}}
{"__type":"$$EventMessageNode","id":"fbf759b0-25da-44fa-9d87-01d3f3b70ba9","ts":"2026-01-21T10:03:20.116-05:00","eventName":"n8n.node.started","message":"n8n.node.started","payload":{"workflowId":"CTgx6oUSaM78hAeV-Qdmr","workflowName":"My workflow","executionId":"2","nodeType":"@n8n/n8n-nodes-langchain.googleGemini","nodeName":"Message a model","nodeId":"2806ea23-a0bd-4925-a018-93fe60c48d08"}}
{"__type":"$$EventMessageConfirm","confirm":"fbf759b0-25da-44fa-9d87-01d3f3b70ba9","ts":"2026-01-21T10:03:20.116-05:00","source":{"id":"0","name":"eventBus"}}
{"__type":"$$EventMessageNode","id":"113b75b7-4f71-4eba-872e-096af6ac88d8","ts":"2026-01-21T10:03:34.362-05:00","eventName":"n8n.node.finished","message":"n8n.node.finished","payload":{"workflowId":"CTgx6oUSaM78hAeV-Qdmr","workflowName":"My workflow","executionId":"2","nodeType":"@n8n/n8n-nodes-langchain.googleGemini","nodeName":"Message a model","nodeId":"2806ea23-a0bd-4925-a018-93fe60c48d08"}}
{"__type":"$$EventMessageConfirm","confirm":"113b75b7-4f71-4eba-872e-096af6ac88d8","ts":"2026-01-21T10:03:34.363-05:00","source":{"id":"0","name":"eventBus"}}
{"__type":"$$EventMessageWorkflow","id":"1a9ee743-ee70-49a0-9223-b5d0f79abc2b","ts":"2026-01-21T10:03:34.376-05:00","eventName":"n8n.workflow.success","message":"n8n.workflow.success","payload":{"executionId":"2","success":true,"isManual":true,"workflowId":"CTgx6oUSaM78hAeV-Qdmr","workflowName":"My workflow"}}
{"__type":"$$EventMessageConfirm","confirm":"1a9ee743-ee70-49a0-9223-b5d0f79abc2b","ts":"2026-01-21T10:03:34.376-05:00","source":{"id":"0","name":"eventBus"}}
{"__type":"$$EventMessageAudit","id":"ee5ab847-7483-4e8f-bce0-bcc1977a2cf7","ts":"2026-01-21T10:04:10.346-05:00","eventName":"n8n.audit.workflow.updated","message":"n8n.audit.workflow.updated","payload":{"userId":"b313919a-17ba-403b-a288-40b5aa54e3f0","_email":"s0912135@gmail.com","_firstName":"yujin","_lastName":"park","globalRole":"global:member","workflowId":"CTgx6oUSaM78hAeV-Qdmr","workflowName":"yujin_workflow"}}
{"__type":"$$EventMessageConfirm","confirm":"ee5ab847-7483-4e8f-bce0-bcc1977a2cf7","ts":"2026-01-21T10:04:10.346-05:00","source":{"id":"0","name":"eventBus"}}
{"__type":"$$EventMessageAudit","id":"e00b5fc6-eb8e-42e2-a1fa-302d7f53d222","ts":"2026-01-21T10:04:20.057-05:00","eventName":"n8n.audit.workflow.created","message":"n8n.audit.workflow.created","payload":{"userId":"b313919a-17ba-403b-a288-40b5aa54e3f0","_email":"s0912135@gmail.com","_firstName":"yujin","_lastName":"park","globalRole":"global:member","workflowId":"EDhG5ktWJAQMEg6d","workflowName":"My workflow 3 copy copy"}}
{"__type":"$$EventMessageConfirm","confirm":"e00b5fc6-eb8e-42e2-a1fa-302d7f53d222","ts":"2026-01-21T10:04:20.058-05:00","source":{"id":"0","name":"eventBus"}}
{"__type":"$$EventMessageAudit","id":"690aef60-9cf9-486b-8f38-a51a77e17053","ts":"2026-01-21T10:04:22.845-05:00","eventName":"n8n.audit.workflow.updated","message":"n8n.audit.workflow.updated","payload":{"userId":"7dce4ed2-50f5-4428-b2d7-997f571a0c1e","_email":"xmsxms000@gmail.com","_firstName":"YOUNGWOO","_lastName":"LEE","globalRole":"global:owner","workflowId":"_53rNqn32yrHtL0nStmtK","workflowName":"lyw_workflow"}}
{"__type":"$$EventMessageConfirm","confirm":"690aef60-9cf9-486b-8f38-a51a77e17053","ts":"2026-01-21T10:04:22.845-05:00","source":{"id":"0","name":"eventBus"}}
{"__type":"$$EventMessageAudit","id":"039846bb-f2a4-48c2-8506-1ec60df886df","ts":"2026-01-21T10:04:37.397-05:00","eventName":"n8n.audit.workflow.archived","message":"n8n.audit.workflow.archived","payload":{"userId":"b313919a-17ba-403b-a288-40b5aa54e3f0","_email":"s0912135@gmail.com","_firstName":"yujin","_lastName":"park","globalRole":"global:member","workflowId":"zyy4c4U3AB0k5eK_mXYI-"}}
{"__type":"$$EventMessageConfirm","confirm":"039846bb-f2a4-48c2-8506-1ec60df886df","ts":"2026-01-21T10:04:37.398-05:00","source":{"id":"0","name":"eventBus"}}
{"__type":"$$EventMessageAudit","id":"28b01fd3-7cc9-46c4-8055-6678d3be0ec9","ts":"2026-01-21T10:04:39.770-05:00","eventName":"n8n.audit.workflow.archived","message":"n8n.audit.workflow.archived","payload":{"userId":"b313919a-17ba-403b-a288-40b5aa54e3f0","_email":"s0912135@gmail.com","_firstName":"yujin","_lastName":"park","globalRole":"global:member","workflowId":"tWKTVz1uq9TKDVn9"}}
{"__type":"$$EventMessageConfirm","confirm":"28b01fd3-7cc9-46c4-8055-6678d3be0ec9","ts":"2026-01-21T10:04:39.771-05:00","source":{"id":"0","name":"eventBus"}}
{"__type":"$$EventMessageAudit","id":"502dd411-0853-406f-9ac5-3062fa0855b7","ts":"2026-01-21T10:04:42.575-05:00","eventName":"n8n.audit.workflow.archived","message":"n8n.audit.workflow.archived","payload":{"userId":"b313919a-17ba-403b-a288-40b5aa54e3f0","_email":"s0912135@gmail.com","_firstName":"yujin","_lastName":"park","globalRole":"global:member","workflowId":"EDhG5ktWJAQMEg6d"}}
{"__type":"$$EventMessageConfirm","confirm":"502dd411-0853-406f-9ac5-3062fa0855b7","ts":"2026-01-21T10:04:42.575-05:00","source":{"id":"0","name":"eventBus"}}
{"__type":"$$EventMessageAudit","id":"9f397842-61c3-4431-9aef-593b894e22af","ts":"2026-01-21T10:06:50.831-05:00","eventName":"n8n.audit.workflow.created","message":"n8n.audit.workflow.created","payload":{"userId":"b313919a-17ba-403b-a288-40b5aa54e3f0","_email":"s0912135@gmail.com","_firstName":"yujin","_lastName":"park","globalRole":"global:member","workflowId":"WpZerbuaSIVlpNKFFqXfQ","workflowName":"prod_workflow"}}
{"__type":"$$EventMessageConfirm","confirm":"9f397842-61c3-4431-9aef-593b894e22af","ts":"2026-01-21T10:06:50.832-05:00","source":{"id":"0","name":"eventBus"}}
{"__type":"$$EventMessageAudit","id":"ad460be1-1756-4cdc-9fda-0cff4be8ba3d","ts":"2026-01-22T23:16:08.196-05:00","eventName":"n8n.audit.workflow.updated","message":"n8n.audit.workflow.updated","payload":{"userId":"7dce4ed2-50f5-4428-b2d7-997f571a0c1e","_email":"xmsxms000@gmail.com","_firstName":"YOUNGWOO","_lastName":"LEE","globalRole":"global:owner","workflowId":"_53rNqn32yrHtL0nStmtK","workflowName":"lyw_workflow"}}
{"__type":"$$EventMessageConfirm","confirm":"ad460be1-1756-4cdc-9fda-0cff4be8ba3d","ts":"2026-01-22T23:16:08.197-05:00","source":{"id":"0","name":"eventBus"}}
{"__type":"$$EventMessageWorkflow","id":"dc3e733f-d9b0-4353-ba82-7b82e8202b8f","ts":"2026-02-03T23:33:08.830-05:00","eventName":"n8n.workflow.started","message":"n8n.workflow.started","payload":{"executionId":"3","workflowId":"_53rNqn32yrHtL0nStmtK","isManual":false,"workflowName":"lyw_workflow"}}
{"__type":"$$EventMessageConfirm","confirm":"dc3e733f-d9b0-4353-ba82-7b82e8202b8f","ts":"2026-02-03T23:33:08.831-05:00","source":{"id":"0","name":"eventBus"}}
{"__type":"$$EventMessageNode","id":"6acf20de-1b32-4dde-9eca-6274ec75f3fc","ts":"2026-02-03T23:33:08.832-05:00","eventName":"n8n.node.started","message":"n8n.node.started","payload":{"workflowId":"_53rNqn32yrHtL0nStmtK","workflowName":"lyw_workflow","executionId":"3","nodeType":"n8n-nodes-base.webhook","nodeName":"Webhook","nodeId":"fdcdd9e1-9257-4813-80c9-a30bccba2339"}}
{"__type":"$$EventMessageConfirm","confirm":"6acf20de-1b32-4dde-9eca-6274ec75f3fc","ts":"2026-02-03T23:33:08.833-05:00","source":{"id":"0","name":"eventBus"}}
{"__type":"$$EventMessageNode","id":"1f7e2912-735c-47a0-904a-88dfdd4350a5","ts":"2026-02-03T23:33:08.835-05:00","eventName":"n8n.node.finished","message":"n8n.node.finished","payload":{"workflowId":"_53rNqn32yrHtL0nStmtK","workflowName":"lyw_workflow","executionId":"3","nodeType":"n8n-nodes-base.webhook","nodeName":"Webhook","nodeId":"fdcdd9e1-9257-4813-80c9-a30bccba2339"}}
{"__type":"$$EventMessageConfirm","confirm":"1f7e2912-735c-47a0-904a-88dfdd4350a5","ts":"2026-02-03T23:33:08.835-05:00","source":{"id":"0","name":"eventBus"}}
{"__type":"$$EventMessageNode","id":"98f38464-dbaf-4f88-a963-0a161f55d6dd","ts":"2026-02-03T23:33:08.837-05:00","eventName":"n8n.node.started","message":"n8n.node.started","payload":{"workflowId":"_53rNqn32yrHtL0nStmtK","workflowName":"lyw_workflow","executionId":"3","nodeType":"n8n-nodes-base.respondToWebhook","nodeName":"Respond to Webhook","nodeId":"03adb3b8-2c7e-470e-b4e1-44509abd06d3"}}
{"__type":"$$EventMessageConfirm","confirm":"98f38464-dbaf-4f88-a963-0a161f55d6dd","ts":"2026-02-03T23:33:08.837-05:00","source":{"id":"0","name":"eventBus"}}
{"__type":"$$EventMessageNode","id":"da7e86db-2ef1-4286-9263-68b7cd17e6cf","ts":"2026-02-03T23:33:08.841-05:00","eventName":"n8n.node.finished","message":"n8n.node.finished","payload":{"workflowId":"_53rNqn32yrHtL0nStmtK","workflowName":"lyw_workflow","executionId":"3","nodeType":"n8n-nodes-base.respondToWebhook","nodeName":"Respond to Webhook","nodeId":"03adb3b8-2c7e-470e-b4e1-44509abd06d3"}}
{"__type":"$$EventMessageConfirm","confirm":"da7e86db-2ef1-4286-9263-68b7cd17e6cf","ts":"2026-02-03T23:33:08.841-05:00","source":{"id":"0","name":"eventBus"}}
{"__type":"$$EventMessageWorkflow","id":"3f52167a-d2a6-4b47-a04e-05e1b6bb1343","ts":"2026-02-03T23:33:08.849-05:00","eventName":"n8n.workflow.success","message":"n8n.workflow.success","payload":{"executionId":"3","success":true,"isManual":true,"workflowId":"_53rNqn32yrHtL0nStmtK","workflowName":"lyw_workflow"}}
{"__type":"$$EventMessageConfirm","confirm":"3f52167a-d2a6-4b47-a04e-05e1b6bb1343","ts":"2026-02-03T23:33:08.849-05:00","source":{"id":"0","name":"eventBus"}}
{"__type":"$$EventMessageWorkflow","id":"5937a846-a7cf-4b3a-bc95-ba78fbd9aca4","ts":"2026-02-03T23:33:52.202-05:00","eventName":"n8n.workflow.started","message":"n8n.workflow.started","payload":{"executionId":"4","workflowId":"_53rNqn32yrHtL0nStmtK","isManual":false,"workflowName":"lyw_workflow"}}
{"__type":"$$EventMessageConfirm","confirm":"5937a846-a7cf-4b3a-bc95-ba78fbd9aca4","ts":"2026-02-03T23:33:52.202-05:00","source":{"id":"0","name":"eventBus"}}
{"__type":"$$EventMessageNode","id":"c9695376-5eb8-4aac-974e-1f2430f20a38","ts":"2026-02-03T23:33:52.203-05:00","eventName":"n8n.node.started","message":"n8n.node.started","payload":{"workflowId":"_53rNqn32yrHtL0nStmtK","workflowName":"lyw_workflow","executionId":"4","nodeType":"n8n-nodes-base.webhook","nodeName":"Webhook","nodeId":"fdcdd9e1-9257-4813-80c9-a30bccba2339"}}
{"__type":"$$EventMessageConfirm","confirm":"c9695376-5eb8-4aac-974e-1f2430f20a38","ts":"2026-02-03T23:33:52.203-05:00","source":{"id":"0","name":"eventBus"}}
{"__type":"$$EventMessageNode","id":"142277c3-8ba1-4780-86ed-5f66e62fc4d1","ts":"2026-02-03T23:33:52.203-05:00","eventName":"n8n.node.finished","message":"n8n.node.finished","payload":{"workflowId":"_53rNqn32yrHtL0nStmtK","workflowName":"lyw_workflow","executionId":"4","nodeType":"n8n-nodes-base.webhook","nodeName":"Webhook","nodeId":"fdcdd9e1-9257-4813-80c9-a30bccba2339"}}
{"__type":"$$EventMessageConfirm","confirm":"142277c3-8ba1-4780-86ed-5f66e62fc4d1","ts":"2026-02-03T23:33:52.203-05:00","source":{"id":"0","name":"eventBus"}}
{"__type":"$$EventMessageNode","id":"8ce8ede9-04bd-491e-83cd-8775de069930","ts":"2026-02-03T23:33:52.204-05:00","eventName":"n8n.node.started","message":"n8n.node.started","payload":{"workflowId":"_53rNqn32yrHtL0nStmtK","workflowName":"lyw_workflow","executionId":"4","nodeType":"n8n-nodes-base.respondToWebhook","nodeName":"Respond to Webhook","nodeId":"03adb3b8-2c7e-470e-b4e1-44509abd06d3"}}
{"__type":"$$EventMessageConfirm","confirm":"8ce8ede9-04bd-491e-83cd-8775de069930","ts":"2026-02-03T23:33:52.204-05:00","source":{"id":"0","name":"eventBus"}}
{"__type":"$$EventMessageNode","id":"2149dd6e-4e1c-4a31-a85a-090047d8da9c","ts":"2026-02-03T23:33:52.205-05:00","eventName":"n8n.node.finished","message":"n8n.node.finished","payload":{"workflowId":"_53rNqn32yrHtL0nStmtK","workflowName":"lyw_workflow","executionId":"4","nodeType":"n8n-nodes-base.respondToWebhook","nodeName":"Respond to Webhook","nodeId":"03adb3b8-2c7e-470e-b4e1-44509abd06d3"}}
{"__type":"$$EventMessageConfirm","confirm":"2149dd6e-4e1c-4a31-a85a-090047d8da9c","ts":"2026-02-03T23:33:52.205-05:00","source":{"id":"0","name":"eventBus"}}
{"__type":"$$EventMessageWorkflow","id":"3656916e-1a51-4b3f-913d-384b32a11a9f","ts":"2026-02-03T23:33:52.209-05:00","eventName":"n8n.workflow.success","message":"n8n.workflow.success","payload":{"executionId":"4","success":true,"isManual":true,"workflowId":"_53rNqn32yrHtL0nStmtK","workflowName":"lyw_workflow"}}
{"__type":"$$EventMessageConfirm","confirm":"3656916e-1a51-4b3f-913d-384b32a11a9f","ts":"2026-02-03T23:33:52.209-05:00","source":{"id":"0","name":"eventBus"}}
{"__type":"$$EventMessageWorkflow","id":"6beb94d5-f6c7-4095-a919-ab597ca54e08","ts":"2026-02-03T23:45:40.922-05:00","eventName":"n8n.workflow.started","message":"n8n.workflow.started","payload":{"executionId":"5","workflowId":"_53rNqn32yrHtL0nStmtK","isManual":false,"workflowName":"lyw_workflow"}}
{"__type":"$$EventMessageConfirm","confirm":"6beb94d5-f6c7-4095-a919-ab597ca54e08","ts":"2026-02-03T23:45:40.923-05:00","source":{"id":"0","name":"eventBus"}}
{"__type":"$$EventMessageNode","id":"493e9597-623d-48c5-b417-df2e4554a816","ts":"2026-02-03T23:45:40.924-05:00","eventName":"n8n.node.started","message":"n8n.node.started","payload":{"workflowId":"_53rNqn32yrHtL0nStmtK","workflowName":"lyw_workflow","executionId":"5","nodeType":"n8n-nodes-base.webhook","nodeName":"Webhook","nodeId":"fdcdd9e1-9257-4813-80c9-a30bccba2339"}}
{"__type":"$$EventMessageConfirm","confirm":"493e9597-623d-48c5-b417-df2e4554a816","ts":"2026-02-03T23:45:40.924-05:00","source":{"id":"0","name":"eventBus"}}
{"__type":"$$EventMessageNode","id":"ed52c1d8-c968-4138-bbd4-fe2dda7074e9","ts":"2026-02-03T23:45:40.924-05:00","eventName":"n8n.node.finished","message":"n8n.node.finished","payload":{"workflowId":"_53rNqn32yrHtL0nStmtK","workflowName":"lyw_workflow","executionId":"5","nodeType":"n8n-nodes-base.webhook","nodeName":"Webhook","nodeId":"fdcdd9e1-9257-4813-80c9-a30bccba2339"}}
{"__type":"$$EventMessageConfirm","confirm":"ed52c1d8-c968-4138-bbd4-fe2dda7074e9","ts":"2026-02-03T23:45:40.925-05:00","source":{"id":"0","name":"eventBus"}}
{"__type":"$$EventMessageNode","id":"449c33cb-4abe-44b9-9717-2464ee4b3ecf","ts":"2026-02-03T23:45:40.925-05:00","eventName":"n8n.node.started","message":"n8n.node.started","payload":{"workflowId":"_53rNqn32yrHtL0nStmtK","workflowName":"lyw_workflow","executionId":"5","nodeType":"n8n-nodes-base.respondToWebhook","nodeName":"Respond to Webhook","nodeId":"03adb3b8-2c7e-470e-b4e1-44509abd06d3"}}
{"__type":"$$EventMessageConfirm","confirm":"449c33cb-4abe-44b9-9717-2464ee4b3ecf","ts":"2026-02-03T23:45:40.925-05:00","source":{"id":"0","name":"eventBus"}}
{"__type":"$$EventMessageNode","id":"2aead70c-9f59-4dce-be09-f5ca26c754a4","ts":"2026-02-03T23:45:40.927-05:00","eventName":"n8n.node.finished","message":"n8n.node.finished","payload":{"workflowId":"_53rNqn32yrHtL0nStmtK","workflowName":"lyw_workflow","executionId":"5","nodeType":"n8n-nodes-base.respondToWebhook","nodeName":"Respond to Webhook","nodeId":"03adb3b8-2c7e-470e-b4e1-44509abd06d3"}}
{"__type":"$$EventMessageConfirm","confirm":"2aead70c-9f59-4dce-be09-f5ca26c754a4","ts":"2026-02-03T23:45:40.927-05:00","source":{"id":"0","name":"eventBus"}}
{"__type":"$$EventMessageWorkflow","id":"82f42446-f4c7-4247-90b2-27ab4125affb","ts":"2026-02-03T23:45:40.932-05:00","eventName":"n8n.workflow.success","message":"n8n.workflow.success","payload":{"executionId":"5","success":true,"isManual":true,"workflowId":"_53rNqn32yrHtL0nStmtK","workflowName":"lyw_workflow"}}
{"__type":"$$EventMessageConfirm","confirm":"82f42446-f4c7-4247-90b2-27ab4125affb","ts":"2026-02-03T23:45:40.932-05:00","source":{"id":"0","name":"eventBus"}}
{"__type":"$$EventMessageAudit","id":"bd454c3c-a963-406f-bd27-2b450cb95321","ts":"2026-02-03T23:47:47.215-05:00","eventName":"n8n.audit.workflow.updated","message":"n8n.audit.workflow.updated","payload":{"userId":"7dce4ed2-50f5-4428-b2d7-997f571a0c1e","_email":"xmsxms000@gmail.com","_firstName":"YOUNGWOO","_lastName":"LEE","globalRole":"global:owner","workflowId":"_53rNqn32yrHtL0nStmtK","workflowName":"lyw_workflow"}}
{"__type":"$$EventMessageConfirm","confirm":"bd454c3c-a963-406f-bd27-2b450cb95321","ts":"2026-02-03T23:47:47.215-05:00","source":{"id":"0","name":"eventBus"}}
{"__type":"$$EventMessageWorkflow","id":"ebc8757b-3106-47b2-99d2-84f87badcf5a","ts":"2026-02-04T00:02:16.718-05:00","eventName":"n8n.workflow.started","message":"n8n.workflow.started","payload":{"executionId":"6","workflowId":"_53rNqn32yrHtL0nStmtK","isManual":false,"workflowName":"lyw_workflow"}}
{"__type":"$$EventMessageConfirm","confirm":"ebc8757b-3106-47b2-99d2-84f87badcf5a","ts":"2026-02-04T00:02:16.718-05:00","source":{"id":"0","name":"eventBus"}}
{"__type":"$$EventMessageNode","id":"ac03c1b0-4abd-4264-98c6-013d7577c3d4","ts":"2026-02-04T00:02:16.719-05:00","eventName":"n8n.node.started","message":"n8n.node.started","payload":{"workflowId":"_53rNqn32yrHtL0nStmtK","workflowName":"lyw_workflow","executionId":"6","nodeType":"n8n-nodes-base.webhook","nodeName":"Webhook","nodeId":"fdcdd9e1-9257-4813-80c9-a30bccba2339"}}
{"__type":"$$EventMessageConfirm","confirm":"ac03c1b0-4abd-4264-98c6-013d7577c3d4","ts":"2026-02-04T00:02:16.719-05:00","source":{"id":"0","name":"eventBus"}}
{"__type":"$$EventMessageNode","id":"62ad658a-320a-4d97-a40a-e29afa3321f3","ts":"2026-02-04T00:02:16.720-05:00","eventName":"n8n.node.finished","message":"n8n.node.finished","payload":{"workflowId":"_53rNqn32yrHtL0nStmtK","workflowName":"lyw_workflow","executionId":"6","nodeType":"n8n-nodes-base.webhook","nodeName":"Webhook","nodeId":"fdcdd9e1-9257-4813-80c9-a30bccba2339"}}
{"__type":"$$EventMessageConfirm","confirm":"62ad658a-320a-4d97-a40a-e29afa3321f3","ts":"2026-02-04T00:02:16.720-05:00","source":{"id":"0","name":"eventBus"}}
{"__type":"$$EventMessageNode","id":"1c5eb855-4d20-456b-b7c0-90db9d496751","ts":"2026-02-04T00:02:16.720-05:00","eventName":"n8n.node.started","message":"n8n.node.started","payload":{"workflowId":"_53rNqn32yrHtL0nStmtK","workflowName":"lyw_workflow","executionId":"6","nodeType":"n8n-nodes-base.respondToWebhook","nodeName":"Respond to Webhook","nodeId":"03adb3b8-2c7e-470e-b4e1-44509abd06d3"}}
{"__type":"$$EventMessageConfirm","confirm":"1c5eb855-4d20-456b-b7c0-90db9d496751","ts":"2026-02-04T00:02:16.720-05:00","source":{"id":"0","name":"eventBus"}}
{"__type":"$$EventMessageNode","id":"0c1918c7-041e-4b49-9f99-03dbb1834f9b","ts":"2026-02-04T00:02:16.721-05:00","eventName":"n8n.node.finished","message":"n8n.node.finished","payload":{"workflowId":"_53rNqn32yrHtL0nStmtK","workflowName":"lyw_workflow","executionId":"6","nodeType":"n8n-nodes-base.respondToWebhook","nodeName":"Respond to Webhook","nodeId":"03adb3b8-2c7e-470e-b4e1-44509abd06d3"}}
{"__type":"$$EventMessageConfirm","confirm":"0c1918c7-041e-4b49-9f99-03dbb1834f9b","ts":"2026-02-04T00:02:16.721-05:00","source":{"id":"0","name":"eventBus"}}
{"__type":"$$EventMessageWorkflow","id":"edb1d52a-f358-4b08-a2ae-bd2be197026f","ts":"2026-02-04T00:02:16.724-05:00","eventName":"n8n.workflow.success","message":"n8n.workflow.success","payload":{"executionId":"6","success":true,"isManual":true,"workflowId":"_53rNqn32yrHtL0nStmtK","workflowName":"lyw_workflow"}}
{"__type":"$$EventMessageConfirm","confirm":"edb1d52a-f358-4b08-a2ae-bd2be197026f","ts":"2026-02-04T00:02:16.724-05:00","source":{"id":"0","name":"eventBus"}}
{"__type":"$$EventMessageWorkflow","id":"5f5e3a5b-be33-4295-906c-3e05999ca398","ts":"2026-02-04T00:09:14.822-05:00","eventName":"n8n.workflow.started","message":"n8n.workflow.started","payload":{"executionId":"7","workflowId":"_53rNqn32yrHtL0nStmtK","isManual":false,"workflowName":"lyw_workflow"}}
{"__type":"$$EventMessageConfirm","confirm":"5f5e3a5b-be33-4295-906c-3e05999ca398","ts":"2026-02-04T00:09:14.822-05:00","source":{"id":"0","name":"eventBus"}}
{"__type":"$$EventMessageNode","id":"3dda45b3-fe09-474b-b94c-9f15f3eed4a3","ts":"2026-02-04T00:09:14.823-05:00","eventName":"n8n.node.started","message":"n8n.node.started","payload":{"workflowId":"_53rNqn32yrHtL0nStmtK","workflowName":"lyw_workflow","executionId":"7","nodeType":"n8n-nodes-base.webhook","nodeName":"Webhook","nodeId":"fdcdd9e1-9257-4813-80c9-a30bccba2339"}}
{"__type":"$$EventMessageConfirm","confirm":"3dda45b3-fe09-474b-b94c-9f15f3eed4a3","ts":"2026-02-04T00:09:14.823-05:00","source":{"id":"0","name":"eventBus"}}
{"__type":"$$EventMessageNode","id":"bc07d775-c25c-4383-adc3-2970fd6b6544","ts":"2026-02-04T00:09:14.824-05:00","eventName":"n8n.node.finished","message":"n8n.node.finished","payload":{"workflowId":"_53rNqn32yrHtL0nStmtK","workflowName":"lyw_workflow","executionId":"7","nodeType":"n8n-nodes-base.webhook","nodeName":"Webhook","nodeId":"fdcdd9e1-9257-4813-80c9-a30bccba2339"}}
{"__type":"$$EventMessageConfirm","confirm":"bc07d775-c25c-4383-adc3-2970fd6b6544","ts":"2026-02-04T00:09:14.824-05:00","source":{"id":"0","name":"eventBus"}}
{"__type":"$$EventMessageNode","id":"0e6a4a3d-c889-4452-9346-6845a9faa45e","ts":"2026-02-04T00:09:14.825-05:00","eventName":"n8n.node.started","message":"n8n.node.started","payload":{"workflowId":"_53rNqn32yrHtL0nStmtK","workflowName":"lyw_workflow","executionId":"7","nodeType":"n8n-nodes-base.respondToWebhook","nodeName":"Respond to Webhook","nodeId":"03adb3b8-2c7e-470e-b4e1-44509abd06d3"}}
{"__type":"$$EventMessageConfirm","confirm":"0e6a4a3d-c889-4452-9346-6845a9faa45e","ts":"2026-02-04T00:09:14.825-05:00","source":{"id":"0","name":"eventBus"}}
{"__type":"$$EventMessageNode","id":"a5be5470-64ab-4578-8872-d9146ea567c4","ts":"2026-02-04T00:09:14.826-05:00","eventName":"n8n.node.finished","message":"n8n.node.finished","payload":{"workflowId":"_53rNqn32yrHtL0nStmtK","workflowName":"lyw_workflow","executionId":"7","nodeType":"n8n-nodes-base.respondToWebhook","nodeName":"Respond to Webhook","nodeId":"03adb3b8-2c7e-470e-b4e1-44509abd06d3"}}
{"__type":"$$EventMessageConfirm","confirm":"a5be5470-64ab-4578-8872-d9146ea567c4","ts":"2026-02-04T00:09:14.827-05:00","source":{"id":"0","name":"eventBus"}}
{"__type":"$$EventMessageNode","id":"2ff93638-83ce-4f48-9c56-9a5fca7b468a","ts":"2026-02-04T00:09:14.827-05:00","eventName":"n8n.node.started","message":"n8n.node.started","payload":{"workflowId":"_53rNqn32yrHtL0nStmtK","workflowName":"lyw_workflow","executionId":"7","nodeType":"n8n-nodes-base.httpRequest","nodeName":"HTTP Request1","nodeId":"243f0b83-8ff0-43b5-8cc6-fae68169b01a"}}
{"__type":"$$EventMessageConfirm","confirm":"2ff93638-83ce-4f48-9c56-9a5fca7b468a","ts":"2026-02-04T00:09:14.827-05:00","source":{"id":"0","name":"eventBus"}}
{"__type":"$$EventMessageNode","id":"ccbb1d72-4a9b-4dac-860a-ba30d6bec47f","ts":"2026-02-04T00:09:15.358-05:00","eventName":"n8n.node.finished","message":"n8n.node.finished","payload":{"workflowId":"_53rNqn32yrHtL0nStmtK","workflowName":"lyw_workflow","executionId":"7","nodeType":"n8n-nodes-base.httpRequest","nodeName":"HTTP Request1","nodeId":"243f0b83-8ff0-43b5-8cc6-fae68169b01a"}}
{"__type":"$$EventMessageConfirm","confirm":"ccbb1d72-4a9b-4dac-860a-ba30d6bec47f","ts":"2026-02-04T00:09:15.358-05:00","source":{"id":"0","name":"eventBus"}}
{"__type":"$$EventMessageWorkflow","id":"3235c5ec-db06-4bc4-8615-e71140712b1c","ts":"2026-02-04T00:09:15.367-05:00","eventName":"n8n.workflow.success","message":"n8n.workflow.success","payload":{"executionId":"7","success":true,"isManual":true,"workflowId":"_53rNqn32yrHtL0nStmtK","workflowName":"lyw_workflow"}}
{"__type":"$$EventMessageConfirm","confirm":"3235c5ec-db06-4bc4-8615-e71140712b1c","ts":"2026-02-04T00:09:15.367-05:00","source":{"id":"0","name":"eventBus"}}
{"__type":"$$EventMessageWorkflow","id":"d0095f34-48a5-45be-852b-772c6a36da29","ts":"2026-02-04T00:09:54.165-05:00","eventName":"n8n.workflow.started","message":"n8n.workflow.started","payload":{"executionId":"8","workflowId":"_53rNqn32yrHtL0nStmtK","isManual":false,"workflowName":"lyw_workflow"}}
{"__type":"$$EventMessageConfirm","confirm":"d0095f34-48a5-45be-852b-772c6a36da29","ts":"2026-02-04T00:09:54.165-05:00","source":{"id":"0","name":"eventBus"}}
{"__type":"$$EventMessageNode","id":"b0cde6b7-5a10-4d4a-bd92-8533eb8c1cee","ts":"2026-02-04T00:09:54.166-05:00","eventName":"n8n.node.started","message":"n8n.node.started","payload":{"workflowId":"_53rNqn32yrHtL0nStmtK","workflowName":"lyw_workflow","executionId":"8","nodeType":"n8n-nodes-base.httpRequest","nodeName":"HTTP Request1","nodeId":"243f0b83-8ff0-43b5-8cc6-fae68169b01a"}}
{"__type":"$$EventMessageConfirm","confirm":"b0cde6b7-5a10-4d4a-bd92-8533eb8c1cee","ts":"2026-02-04T00:09:54.166-05:00","source":{"id":"0","name":"eventBus"}}
{"__type":"$$EventMessageNode","id":"1368ddae-680d-475e-8c06-f366fec9639a","ts":"2026-02-04T00:09:54.660-05:00","eventName":"n8n.node.finished","message":"n8n.node.finished","payload":{"workflowId":"_53rNqn32yrHtL0nStmtK","workflowName":"lyw_workflow","executionId":"8","nodeType":"n8n-nodes-base.httpRequest","nodeName":"HTTP Request1","nodeId":"243f0b83-8ff0-43b5-8cc6-fae68169b01a"}}
{"__type":"$$EventMessageConfirm","confirm":"1368ddae-680d-475e-8c06-f366fec9639a","ts":"2026-02-04T00:09:54.660-05:00","source":{"id":"0","name":"eventBus"}}
{"__type":"$$EventMessageWorkflow","id":"811229c7-bc87-405d-ab61-e06f284f20fe","ts":"2026-02-04T00:09:54.664-05:00","eventName":"n8n.workflow.failed","message":"n8n.workflow.failed","payload":{"userId":"7dce4ed2-50f5-4428-b2d7-997f571a0c1e","executionId":"8","success":false,"isManual":true,"workflowId":"_53rNqn32yrHtL0nStmtK","workflowName":"lyw_workflow","lastNodeExecuted":"HTTP Request1","errorNodeType":"n8n-nodes-base.httpRequest","errorMessage":"The resource you are requesting could not be found"}}
{"__type":"$$EventMessageConfirm","confirm":"811229c7-bc87-405d-ab61-e06f284f20fe","ts":"2026-02-04T00:09:54.664-05:00","source":{"id":"0","name":"eventBus"}}
{"__type":"$$EventMessageAudit","id":"1d243401-4c78-4aa9-b331-f985323daa91","ts":"2026-02-04T00:10:10.138-05:00","eventName":"n8n.audit.workflow.updated","message":"n8n.audit.workflow.updated","payload":{"userId":"b313919a-17ba-403b-a288-40b5aa54e3f0","_email":"s0912135@gmail.com","_firstName":"yujin","_lastName":"park","globalRole":"global:member","workflowId":"CTgx6oUSaM78hAeV-Qdmr","workflowName":"yujin_workflow"}}
{"__type":"$$EventMessageConfirm","confirm":"1d243401-4c78-4aa9-b331-f985323daa91","ts":"2026-02-04T00:10:10.138-05:00","source":{"id":"0","name":"eventBus"}}
{"__type":"$$EventMessageWorkflow","id":"718169f5-9f3a-40ef-b301-7df5d4984092","ts":"2026-02-04T00:10:31.776-05:00","eventName":"n8n.workflow.started","message":"n8n.workflow.started","payload":{"executionId":"9","workflowId":"_53rNqn32yrHtL0nStmtK","isManual":false,"workflowName":"lyw_workflow"}}
{"__type":"$$EventMessageConfirm","confirm":"718169f5-9f3a-40ef-b301-7df5d4984092","ts":"2026-02-04T00:10:31.776-05:00","source":{"id":"0","name":"eventBus"}}
{"__type":"$$EventMessageNode","id":"646af7f4-b373-4eb1-9b94-854bbb09622e","ts":"2026-02-04T00:10:31.778-05:00","eventName":"n8n.node.started","message":"n8n.node.started","payload":{"workflowId":"_53rNqn32yrHtL0nStmtK","workflowName":"lyw_workflow","executionId":"9","nodeType":"n8n-nodes-base.httpRequest","nodeName":"HTTP Request1","nodeId":"243f0b83-8ff0-43b5-8cc6-fae68169b01a"}}
{"__type":"$$EventMessageConfirm","confirm":"646af7f4-b373-4eb1-9b94-854bbb09622e","ts":"2026-02-04T00:10:31.778-05:00","source":{"id":"0","name":"eventBus"}}
{"__type":"$$EventMessageNode","id":"900f8e96-ec85-4593-867d-0db38ab9548d","ts":"2026-02-04T00:10:32.254-05:00","eventName":"n8n.node.finished","message":"n8n.node.finished","payload":{"workflowId":"_53rNqn32yrHtL0nStmtK","workflowName":"lyw_workflow","executionId":"9","nodeType":"n8n-nodes-base.httpRequest","nodeName":"HTTP Request1","nodeId":"243f0b83-8ff0-43b5-8cc6-fae68169b01a"}}
{"__type":"$$EventMessageConfirm","confirm":"900f8e96-ec85-4593-867d-0db38ab9548d","ts":"2026-02-04T00:10:32.254-05:00","source":{"id":"0","name":"eventBus"}}
{"__type":"$$EventMessageWorkflow","id":"ba9b5784-26b4-4d92-8f75-15c671ef66ed","ts":"2026-02-04T00:10:32.258-05:00","eventName":"n8n.workflow.success","message":"n8n.workflow.success","payload":{"userId":"7dce4ed2-50f5-4428-b2d7-997f571a0c1e","executionId":"9","success":true,"isManual":true,"workflowId":"_53rNqn32yrHtL0nStmtK","workflowName":"lyw_workflow"}}
{"__type":"$$EventMessageConfirm","confirm":"ba9b5784-26b4-4d92-8f75-15c671ef66ed","ts":"2026-02-04T00:10:32.258-05:00","source":{"id":"0","name":"eventBus"}}
{"__type":"$$EventMessageAudit","id":"52151b6f-04a6-4d7f-bcaf-87a7116622e5","ts":"2026-02-04T00:11:32.258-05:00","eventName":"n8n.audit.workflow.updated","message":"n8n.audit.workflow.updated","payload":{"userId":"b313919a-17ba-403b-a288-40b5aa54e3f0","_email":"s0912135@gmail.com","_firstName":"yujin","_lastName":"park","globalRole":"global:member","workflowId":"CTgx6oUSaM78hAeV-Qdmr","workflowName":"yujin_workflow"}}
{"__type":"$$EventMessageConfirm","confirm":"52151b6f-04a6-4d7f-bcaf-87a7116622e5","ts":"2026-02-04T00:11:32.258-05:00","source":{"id":"0","name":"eventBus"}}
{"__type":"$$EventMessageWorkflow","id":"7206ae57-b7a0-47a9-8df0-27d16b867f47","ts":"2026-02-04T00:15:41.661-05:00","eventName":"n8n.workflow.started","message":"n8n.workflow.started","payload":{"executionId":"10","workflowId":"_53rNqn32yrHtL0nStmtK","isManual":false,"workflowName":"lyw_workflow"}}
{"__type":"$$EventMessageConfirm","confirm":"7206ae57-b7a0-47a9-8df0-27d16b867f47","ts":"2026-02-04T00:15:41.661-05:00","source":{"id":"0","name":"eventBus"}}
{"__type":"$$EventMessageNode","id":"0abae774-ee97-4172-aafa-46bc91a49c9f","ts":"2026-02-04T00:15:41.662-05:00","eventName":"n8n.node.started","message":"n8n.node.started","payload":{"workflowId":"_53rNqn32yrHtL0nStmtK","workflowName":"lyw_workflow","executionId":"10","nodeType":"n8n-nodes-base.webhook","nodeName":"Webhook","nodeId":"fdcdd9e1-9257-4813-80c9-a30bccba2339"}}
{"__type":"$$EventMessageConfirm","confirm":"0abae774-ee97-4172-aafa-46bc91a49c9f","ts":"2026-02-04T00:15:41.662-05:00","source":{"id":"0","name":"eventBus"}}
{"__type":"$$EventMessageNode","id":"8b1db8ac-daa3-4ec5-9b73-4d0f37c14490","ts":"2026-02-04T00:15:41.663-05:00","eventName":"n8n.node.finished","message":"n8n.node.finished","payload":{"workflowId":"_53rNqn32yrHtL0nStmtK","workflowName":"lyw_workflow","executionId":"10","nodeType":"n8n-nodes-base.webhook","nodeName":"Webhook","nodeId":"fdcdd9e1-9257-4813-80c9-a30bccba2339"}}
{"__type":"$$EventMessageConfirm","confirm":"8b1db8ac-daa3-4ec5-9b73-4d0f37c14490","ts":"2026-02-04T00:15:41.663-05:00","source":{"id":"0","name":"eventBus"}}
{"__type":"$$EventMessageWorkflow","id":"ee0ae50b-d612-4938-a3d2-b040dfe8244d","ts":"2026-02-04T00:15:41.668-05:00","eventName":"n8n.workflow.failed","message":"n8n.workflow.failed","payload":{"executionId":"10","success":false,"isManual":true,"workflowId":"_53rNqn32yrHtL0nStmtK","workflowName":"lyw_workflow","lastNodeExecuted":"Webhook","errorMessage":"No Respond to Webhook node found in the workflow"}}
{"__type":"$$EventMessageConfirm","confirm":"ee0ae50b-d612-4938-a3d2-b040dfe8244d","ts":"2026-02-04T00:15:41.668-05:00","source":{"id":"0","name":"eventBus"}}
{"__type":"$$EventMessageWorkflow","id":"4a0689b4-63eb-46e0-9e72-05356c96660a","ts":"2026-02-04T00:16:28.555-05:00","eventName":"n8n.workflow.started","message":"n8n.workflow.started","payload":{"executionId":"11","workflowId":"_53rNqn32yrHtL0nStmtK","isManual":false,"workflowName":"lyw_workflow"}}
{"__type":"$$EventMessageConfirm","confirm":"4a0689b4-63eb-46e0-9e72-05356c96660a","ts":"2026-02-04T00:16:28.556-05:00","source":{"id":"0","name":"eventBus"}}
{"__type":"$$EventMessageNode","id":"86f3cd1c-62f6-48c2-b25d-71db9e911dce","ts":"2026-02-04T00:16:28.557-05:00","eventName":"n8n.node.started","message":"n8n.node.started","payload":{"workflowId":"_53rNqn32yrHtL0nStmtK","workflowName":"lyw_workflow","executionId":"11","nodeType":"n8n-nodes-base.webhook","nodeName":"Webhook","nodeId":"fdcdd9e1-9257-4813-80c9-a30bccba2339"}}
{"__type":"$$EventMessageConfirm","confirm":"86f3cd1c-62f6-48c2-b25d-71db9e911dce","ts":"2026-02-04T00:16:28.557-05:00","source":{"id":"0","name":"eventBus"}}
{"__type":"$$EventMessageNode","id":"8cfd56fa-daba-4ef4-ace2-2c4006987e3c","ts":"2026-02-04T00:16:28.557-05:00","eventName":"n8n.node.finished","message":"n8n.node.finished","payload":{"workflowId":"_53rNqn32yrHtL0nStmtK","workflowName":"lyw_workflow","executionId":"11","nodeType":"n8n-nodes-base.webhook","nodeName":"Webhook","nodeId":"fdcdd9e1-9257-4813-80c9-a30bccba2339"}}
{"__type":"$$EventMessageConfirm","confirm":"8cfd56fa-daba-4ef4-ace2-2c4006987e3c","ts":"2026-02-04T00:16:28.557-05:00","source":{"id":"0","name":"eventBus"}}
{"__type":"$$EventMessageWorkflow","id":"15689aa7-46a4-4e36-8104-262624e6fc3c","ts":"2026-02-04T00:16:28.561-05:00","eventName":"n8n.workflow.failed","message":"n8n.workflow.failed","payload":{"executionId":"11","success":false,"isManual":true,"workflowId":"_53rNqn32yrHtL0nStmtK","workflowName":"lyw_workflow","lastNodeExecuted":"Webhook","errorMessage":"No Respond to Webhook node found in the workflow"}}
{"__type":"$$EventMessageConfirm","confirm":"15689aa7-46a4-4e36-8104-262624e6fc3c","ts":"2026-02-04T00:16:28.561-05:00","source":{"id":"0","name":"eventBus"}}
{"__type":"$$EventMessageWorkflow","id":"d02695f0-74fe-44b7-bac7-31fa2333a5ef","ts":"2026-02-04T00:17:10.664-05:00","eventName":"n8n.workflow.started","message":"n8n.workflow.started","payload":{"executionId":"12","workflowId":"_53rNqn32yrHtL0nStmtK","isManual":false,"workflowName":"lyw_workflow"}}
{"__type":"$$EventMessageConfirm","confirm":"d02695f0-74fe-44b7-bac7-31fa2333a5ef","ts":"2026-02-04T00:17:10.664-05:00","source":{"id":"0","name":"eventBus"}}
{"__type":"$$EventMessageNode","id":"0c332c69-594e-495a-bbf8-3988d7cacc64","ts":"2026-02-04T00:17:10.665-05:00","eventName":"n8n.node.started","message":"n8n.node.started","payload":{"workflowId":"_53rNqn32yrHtL0nStmtK","workflowName":"lyw_workflow","executionId":"12","nodeType":"n8n-nodes-base.webhook","nodeName":"Webhook","nodeId":"fdcdd9e1-9257-4813-80c9-a30bccba2339"}}
{"__type":"$$EventMessageConfirm","confirm":"0c332c69-594e-495a-bbf8-3988d7cacc64","ts":"2026-02-04T00:17:10.665-05:00","source":{"id":"0","name":"eventBus"}}
{"__type":"$$EventMessageNode","id":"7da17585-db30-4a51-93df-a179f047c3b7","ts":"2026-02-04T00:17:10.666-05:00","eventName":"n8n.node.finished","message":"n8n.node.finished","payload":{"workflowId":"_53rNqn32yrHtL0nStmtK","workflowName":"lyw_workflow","executionId":"12","nodeType":"n8n-nodes-base.webhook","nodeName":"Webhook","nodeId":"fdcdd9e1-9257-4813-80c9-a30bccba2339"}}
{"__type":"$$EventMessageConfirm","confirm":"7da17585-db30-4a51-93df-a179f047c3b7","ts":"2026-02-04T00:17:10.666-05:00","source":{"id":"0","name":"eventBus"}}
{"__type":"$$EventMessageWorkflow","id":"dad2ad01-df5d-42b1-95d1-a06ab2a190ed","ts":"2026-02-04T00:17:10.671-05:00","eventName":"n8n.workflow.failed","message":"n8n.workflow.failed","payload":{"executionId":"12","success":false,"isManual":true,"workflowId":"_53rNqn32yrHtL0nStmtK","workflowName":"lyw_workflow","lastNodeExecuted":"Webhook","errorMessage":"No Respond to Webhook node found in the workflow"}}
{"__type":"$$EventMessageConfirm","confirm":"dad2ad01-df5d-42b1-95d1-a06ab2a190ed","ts":"2026-02-04T00:17:10.671-05:00","source":{"id":"0","name":"eventBus"}}
{"__type":"$$EventMessageWorkflow","id":"b6e4bd6d-bffb-47e4-89bc-9e228f1e1d30","ts":"2026-02-04T00:17:24.497-05:00","eventName":"n8n.workflow.started","message":"n8n.workflow.started","payload":{"executionId":"13","workflowId":"_53rNqn32yrHtL0nStmtK","isManual":false,"workflowName":"lyw_workflow"}}
{"__type":"$$EventMessageConfirm","confirm":"b6e4bd6d-bffb-47e4-89bc-9e228f1e1d30","ts":"2026-02-04T00:17:24.497-05:00","source":{"id":"0","name":"eventBus"}}
{"__type":"$$EventMessageNode","id":"a4a723e8-c468-4ea5-bfd1-8395229a26ca","ts":"2026-02-04T00:17:24.498-05:00","eventName":"n8n.node.started","message":"n8n.node.started","payload":{"workflowId":"_53rNqn32yrHtL0nStmtK","workflowName":"lyw_workflow","executionId":"13","nodeType":"n8n-nodes-base.webhook","nodeName":"Webhook","nodeId":"fdcdd9e1-9257-4813-80c9-a30bccba2339"}}
{"__type":"$$EventMessageConfirm","confirm":"a4a723e8-c468-4ea5-bfd1-8395229a26ca","ts":"2026-02-04T00:17:24.498-05:00","source":{"id":"0","name":"eventBus"}}
{"__type":"$$EventMessageNode","id":"040fdf21-734f-4232-b537-0605d53c6c2f","ts":"2026-02-04T00:17:24.499-05:00","eventName":"n8n.node.finished","message":"n8n.node.finished","payload":{"workflowId":"_53rNqn32yrHtL0nStmtK","workflowName":"lyw_workflow","executionId":"13","nodeType":"n8n-nodes-base.webhook","nodeName":"Webhook","nodeId":"fdcdd9e1-9257-4813-80c9-a30bccba2339"}}
{"__type":"$$EventMessageConfirm","confirm":"040fdf21-734f-4232-b537-0605d53c6c2f","ts":"2026-02-04T00:17:24.499-05:00","source":{"id":"0","name":"eventBus"}}
{"__type":"$$EventMessageWorkflow","id":"59ed044d-d042-4988-aa8f-1cf551ffe9d2","ts":"2026-02-04T00:17:24.501-05:00","eventName":"n8n.workflow.failed","message":"n8n.workflow.failed","payload":{"executionId":"13","success":false,"isManual":true,"workflowId":"_53rNqn32yrHtL0nStmtK","workflowName":"lyw_workflow","lastNodeExecuted":"Webhook","errorMessage":"No Respond to Webhook node found in the workflow"}}
{"__type":"$$EventMessageConfirm","confirm":"59ed044d-d042-4988-aa8f-1cf551ffe9d2","ts":"2026-02-04T00:17:24.501-05:00","source":{"id":"0","name":"eventBus"}}
{"__type":"$$EventMessageWorkflow","id":"b8016bfc-fb89-48b1-a367-bd10efb7f435","ts":"2026-02-04T00:18:28.272-05:00","eventName":"n8n.workflow.started","message":"n8n.workflow.started","payload":{"executionId":"14","workflowId":"_53rNqn32yrHtL0nStmtK","isManual":false,"workflowName":"lyw_workflow"}}
{"__type":"$$EventMessageConfirm","confirm":"b8016bfc-fb89-48b1-a367-bd10efb7f435","ts":"2026-02-04T00:18:28.273-05:00","source":{"id":"0","name":"eventBus"}}
{"__type":"$$EventMessageNode","id":"ef8fecbe-2f58-43c9-960a-b04c1caed011","ts":"2026-02-04T00:18:28.274-05:00","eventName":"n8n.node.started","message":"n8n.node.started","payload":{"workflowId":"_53rNqn32yrHtL0nStmtK","workflowName":"lyw_workflow","executionId":"14","nodeType":"n8n-nodes-base.webhook","nodeName":"Webhook","nodeId":"fdcdd9e1-9257-4813-80c9-a30bccba2339"}}
{"__type":"$$EventMessageConfirm","confirm":"ef8fecbe-2f58-43c9-960a-b04c1caed011","ts":"2026-02-04T00:18:28.274-05:00","source":{"id":"0","name":"eventBus"}}
{"__type":"$$EventMessageNode","id":"5b566005-b717-44f5-93a7-4cfc4ad8eea6","ts":"2026-02-04T00:18:28.275-05:00","eventName":"n8n.node.finished","message":"n8n.node.finished","payload":{"workflowId":"_53rNqn32yrHtL0nStmtK","workflowName":"lyw_workflow","executionId":"14","nodeType":"n8n-nodes-base.webhook","nodeName":"Webhook","nodeId":"fdcdd9e1-9257-4813-80c9-a30bccba2339"}}
{"__type":"$$EventMessageConfirm","confirm":"5b566005-b717-44f5-93a7-4cfc4ad8eea6","ts":"2026-02-04T00:18:28.275-05:00","source":{"id":"0","name":"eventBus"}}
{"__type":"$$EventMessageWorkflow","id":"84de0580-2434-45b7-9153-c392872c92b2","ts":"2026-02-04T00:18:28.280-05:00","eventName":"n8n.workflow.failed","message":"n8n.workflow.failed","payload":{"executionId":"14","success":false,"isManual":true,"workflowId":"_53rNqn32yrHtL0nStmtK","workflowName":"lyw_workflow","lastNodeExecuted":"Webhook","errorMessage":"No Respond to Webhook node found in the workflow"}}
{"__type":"$$EventMessageConfirm","confirm":"84de0580-2434-45b7-9153-c392872c92b2","ts":"2026-02-04T00:18:28.280-05:00","source":{"id":"0","name":"eventBus"}}
{"__type":"$$EventMessageWorkflow","id":"02ee3233-6173-4749-b9ec-ecd7810e63ed","ts":"2026-02-04T00:19:09.453-05:00","eventName":"n8n.workflow.started","message":"n8n.workflow.started","payload":{"executionId":"15","workflowId":"_53rNqn32yrHtL0nStmtK","isManual":false,"workflowName":"lyw_workflow"}}
{"__type":"$$EventMessageConfirm","confirm":"02ee3233-6173-4749-b9ec-ecd7810e63ed","ts":"2026-02-04T00:19:09.453-05:00","source":{"id":"0","name":"eventBus"}}
{"__type":"$$EventMessageNode","id":"c3e8d557-e1af-4519-a228-d57b6f902284","ts":"2026-02-04T00:19:09.454-05:00","eventName":"n8n.node.started","message":"n8n.node.started","payload":{"workflowId":"_53rNqn32yrHtL0nStmtK","workflowName":"lyw_workflow","executionId":"15","nodeType":"n8n-nodes-base.webhook","nodeName":"Webhook","nodeId":"fdcdd9e1-9257-4813-80c9-a30bccba2339"}}
{"__type":"$$EventMessageConfirm","confirm":"c3e8d557-e1af-4519-a228-d57b6f902284","ts":"2026-02-04T00:19:09.454-05:00","source":{"id":"0","name":"eventBus"}}
{"__type":"$$EventMessageNode","id":"26f0c224-952f-448b-ba64-df6eb9cfd94d","ts":"2026-02-04T00:19:09.454-05:00","eventName":"n8n.node.finished","message":"n8n.node.finished","payload":{"workflowId":"_53rNqn32yrHtL0nStmtK","workflowName":"lyw_workflow","executionId":"15","nodeType":"n8n-nodes-base.webhook","nodeName":"Webhook","nodeId":"fdcdd9e1-9257-4813-80c9-a30bccba2339"}}
{"__type":"$$EventMessageConfirm","confirm":"26f0c224-952f-448b-ba64-df6eb9cfd94d","ts":"2026-02-04T00:19:09.454-05:00","source":{"id":"0","name":"eventBus"}}
{"__type":"$$EventMessageWorkflow","id":"fd1445b8-59cc-4e78-9694-e0285d23ad0a","ts":"2026-02-04T00:19:09.457-05:00","eventName":"n8n.workflow.failed","message":"n8n.workflow.failed","payload":{"executionId":"15","success":false,"isManual":true,"workflowId":"_53rNqn32yrHtL0nStmtK","workflowName":"lyw_workflow","lastNodeExecuted":"Webhook","errorMessage":"No Respond to Webhook node found in the workflow"}}
{"__type":"$$EventMessageConfirm","confirm":"fd1445b8-59cc-4e78-9694-e0285d23ad0a","ts":"2026-02-04T00:19:09.457-05:00","source":{"id":"0","name":"eventBus"}}
{"__type":"$$EventMessageWorkflow","id":"bb27f0cd-e73b-4514-817b-a13c8e8cfd9e","ts":"2026-02-04T00:20:59.927-05:00","eventName":"n8n.workflow.started","message":"n8n.workflow.started","payload":{"executionId":"16","workflowId":"_53rNqn32yrHtL0nStmtK","isManual":false,"workflowName":"lyw_workflow"}}
{"__type":"$$EventMessageConfirm","confirm":"bb27f0cd-e73b-4514-817b-a13c8e8cfd9e","ts":"2026-02-04T00:20:59.927-05:00","source":{"id":"0","name":"eventBus"}}
{"__type":"$$EventMessageNode","id":"4efafa6e-0309-438d-9107-d69f7dd2ba6f","ts":"2026-02-04T00:20:59.929-05:00","eventName":"n8n.node.started","message":"n8n.node.started","payload":{"workflowId":"_53rNqn32yrHtL0nStmtK","workflowName":"lyw_workflow","executionId":"16","nodeType":"n8n-nodes-base.webhook","nodeName":"Webhook","nodeId":"fdcdd9e1-9257-4813-80c9-a30bccba2339"}}
{"__type":"$$EventMessageConfirm","confirm":"4efafa6e-0309-438d-9107-d69f7dd2ba6f","ts":"2026-02-04T00:20:59.929-05:00","source":{"id":"0","name":"eventBus"}}
{"__type":"$$EventMessageNode","id":"c7dd4373-1632-4956-b51e-8038c89b6c12","ts":"2026-02-04T00:20:59.930-05:00","eventName":"n8n.node.finished","message":"n8n.node.finished","payload":{"workflowId":"_53rNqn32yrHtL0nStmtK","workflowName":"lyw_workflow","executionId":"16","nodeType":"n8n-nodes-base.webhook","nodeName":"Webhook","nodeId":"fdcdd9e1-9257-4813-80c9-a30bccba2339"}}
{"__type":"$$EventMessageConfirm","confirm":"c7dd4373-1632-4956-b51e-8038c89b6c12","ts":"2026-02-04T00:20:59.930-05:00","source":{"id":"0","name":"eventBus"}}
{"__type":"$$EventMessageNode","id":"33ec2925-fa4e-4369-9352-813c24af7611","ts":"2026-02-04T00:20:59.931-05:00","eventName":"n8n.node.started","message":"n8n.node.started","payload":{"workflowId":"_53rNqn32yrHtL0nStmtK","workflowName":"lyw_workflow","executionId":"16","nodeType":"n8n-nodes-base.httpRequest","nodeName":"HTTP Request1","nodeId":"243f0b83-8ff0-43b5-8cc6-fae68169b01a"}}
{"__type":"$$EventMessageConfirm","confirm":"33ec2925-fa4e-4369-9352-813c24af7611","ts":"2026-02-04T00:20:59.931-05:00","source":{"id":"0","name":"eventBus"}}
{"__type":"$$EventMessageNode","id":"0823d961-4180-4a29-b593-c23303f56beb","ts":"2026-02-04T00:21:00.323-05:00","eventName":"n8n.node.finished","message":"n8n.node.finished","payload":{"workflowId":"_53rNqn32yrHtL0nStmtK","workflowName":"lyw_workflow","executionId":"16","nodeType":"n8n-nodes-base.httpRequest","nodeName":"HTTP Request1","nodeId":"243f0b83-8ff0-43b5-8cc6-fae68169b01a"}}
{"__type":"$$EventMessageConfirm","confirm":"0823d961-4180-4a29-b593-c23303f56beb","ts":"2026-02-04T00:21:00.323-05:00","source":{"id":"0","name":"eventBus"}}
{"__type":"$$EventMessageNode","id":"06dd9c81-667a-4726-b7d3-3de2981e9bf8","ts":"2026-02-04T00:21:00.324-05:00","eventName":"n8n.node.started","message":"n8n.node.started","payload":{"workflowId":"_53rNqn32yrHtL0nStmtK","workflowName":"lyw_workflow","executionId":"16","nodeType":"n8n-nodes-base.respondToWebhook","nodeName":"Respond to Webhook","nodeId":"d0fe7e3b-bba3-4c37-b2c1-aa91e196c9d4"}}
{"__type":"$$EventMessageConfirm","confirm":"06dd9c81-667a-4726-b7d3-3de2981e9bf8","ts":"2026-02-04T00:21:00.324-05:00","source":{"id":"0","name":"eventBus"}}
{"__type":"$$EventMessageNode","id":"6d6ff04b-0a8c-4c20-b9f4-f05a97b2057a","ts":"2026-02-04T00:21:00.328-05:00","eventName":"n8n.node.finished","message":"n8n.node.finished","payload":{"workflowId":"_53rNqn32yrHtL0nStmtK","workflowName":"lyw_workflow","executionId":"16","nodeType":"n8n-nodes-base.respondToWebhook","nodeName":"Respond to Webhook","nodeId":"d0fe7e3b-bba3-4c37-b2c1-aa91e196c9d4"}}
{"__type":"$$EventMessageConfirm","confirm":"6d6ff04b-0a8c-4c20-b9f4-f05a97b2057a","ts":"2026-02-04T00:21:00.328-05:00","source":{"id":"0","name":"eventBus"}}
{"__type":"$$EventMessageWorkflow","id":"4c6f4ea5-37ce-479d-8436-071a959b149f","ts":"2026-02-04T00:21:00.335-05:00","eventName":"n8n.workflow.success","message":"n8n.workflow.success","payload":{"executionId":"16","success":true,"isManual":true,"workflowId":"_53rNqn32yrHtL0nStmtK","workflowName":"lyw_workflow"}}
{"__type":"$$EventMessageConfirm","confirm":"4c6f4ea5-37ce-479d-8436-071a959b149f","ts":"2026-02-04T00:21:00.335-05:00","source":{"id":"0","name":"eventBus"}}
{"__type":"$$EventMessageWorkflow","id":"92cc49b2-ba3a-4d15-9407-ce0bfe5088c6","ts":"2026-02-04T00:21:33.374-05:00","eventName":"n8n.workflow.started","message":"n8n.workflow.started","payload":{"executionId":"17","workflowId":"_53rNqn32yrHtL0nStmtK","isManual":false,"workflowName":"lyw_workflow"}}
{"__type":"$$EventMessageConfirm","confirm":"92cc49b2-ba3a-4d15-9407-ce0bfe5088c6","ts":"2026-02-04T00:21:33.374-05:00","source":{"id":"0","name":"eventBus"}}
{"__type":"$$EventMessageNode","id":"3de5e03d-bb37-42e2-bb00-029811b0d873","ts":"2026-02-04T00:21:33.375-05:00","eventName":"n8n.node.started","message":"n8n.node.started","payload":{"workflowId":"_53rNqn32yrHtL0nStmtK","workflowName":"lyw_workflow","executionId":"17","nodeType":"n8n-nodes-base.webhook","nodeName":"Webhook","nodeId":"fdcdd9e1-9257-4813-80c9-a30bccba2339"}}
{"__type":"$$EventMessageConfirm","confirm":"3de5e03d-bb37-42e2-bb00-029811b0d873","ts":"2026-02-04T00:21:33.375-05:00","source":{"id":"0","name":"eventBus"}}
{"__type":"$$EventMessageNode","id":"3d14e15c-95cb-4c14-a4a1-55c05fce879d","ts":"2026-02-04T00:21:33.375-05:00","eventName":"n8n.node.finished","message":"n8n.node.finished","payload":{"workflowId":"_53rNqn32yrHtL0nStmtK","workflowName":"lyw_workflow","executionId":"17","nodeType":"n8n-nodes-base.webhook","nodeName":"Webhook","nodeId":"fdcdd9e1-9257-4813-80c9-a30bccba2339"}}
{"__type":"$$EventMessageConfirm","confirm":"3d14e15c-95cb-4c14-a4a1-55c05fce879d","ts":"2026-02-04T00:21:33.375-05:00","source":{"id":"0","name":"eventBus"}}
{"__type":"$$EventMessageNode","id":"6bc6d281-f6fc-4416-95cc-07df64598096","ts":"2026-02-04T00:21:33.375-05:00","eventName":"n8n.node.started","message":"n8n.node.started","payload":{"workflowId":"_53rNqn32yrHtL0nStmtK","workflowName":"lyw_workflow","executionId":"17","nodeType":"n8n-nodes-base.httpRequest","nodeName":"HTTP Request1","nodeId":"243f0b83-8ff0-43b5-8cc6-fae68169b01a"}}
{"__type":"$$EventMessageConfirm","confirm":"6bc6d281-f6fc-4416-95cc-07df64598096","ts":"2026-02-04T00:21:33.376-05:00","source":{"id":"0","name":"eventBus"}}
{"__type":"$$EventMessageNode","id":"4cf6dd8f-46b9-4bd9-b957-47e557acfea3","ts":"2026-02-04T00:21:33.778-05:00","eventName":"n8n.node.finished","message":"n8n.node.finished","payload":{"workflowId":"_53rNqn32yrHtL0nStmtK","workflowName":"lyw_workflow","executionId":"17","nodeType":"n8n-nodes-base.httpRequest","nodeName":"HTTP Request1","nodeId":"243f0b83-8ff0-43b5-8cc6-fae68169b01a"}}
{"__type":"$$EventMessageConfirm","confirm":"4cf6dd8f-46b9-4bd9-b957-47e557acfea3","ts":"2026-02-04T00:21:33.778-05:00","source":{"id":"0","name":"eventBus"}}
{"__type":"$$EventMessageNode","id":"b9ebe0f2-9c10-41d5-964e-278b3a89779c","ts":"2026-02-04T00:21:33.780-05:00","eventName":"n8n.node.started","message":"n8n.node.started","payload":{"workflowId":"_53rNqn32yrHtL0nStmtK","workflowName":"lyw_workflow","executionId":"17","nodeType":"n8n-nodes-base.code","nodeName":"Code in JavaScript1","nodeId":"948bbe64-85da-4a66-8bdf-bb2b924ecd83"}}
{"__type":"$$EventMessageConfirm","confirm":"b9ebe0f2-9c10-41d5-964e-278b3a89779c","ts":"2026-02-04T00:21:33.780-05:00","source":{"id":"0","name":"eventBus"}}
{"__type":"$$EventMessageRunner","id":"45724f8c-0b44-40c4-a0d3-cce8f4bf3aae","ts":"2026-02-04T00:21:33.789-05:00","eventName":"n8n.runner.task.requested","message":"n8n.runner.task.requested","payload":{"taskId":"HvriCSEc","nodeId":"948bbe64-85da-4a66-8bdf-bb2b924ecd83","workflowId":"_53rNqn32yrHtL0nStmtK","executionId":"17"}}
{"__type":"$$EventMessageConfirm","confirm":"45724f8c-0b44-40c4-a0d3-cce8f4bf3aae","ts":"2026-02-04T00:21:33.789-05:00","source":{"id":"0","name":"eventBus"}}
{"__type":"$$EventMessageNode","id":"2830b2a0-2caa-48f4-99f0-28b199566fac","ts":"2026-02-04T00:21:33.913-05:00","eventName":"n8n.node.finished","message":"n8n.node.finished","payload":{"workflowId":"_53rNqn32yrHtL0nStmtK","workflowName":"lyw_workflow","executionId":"17","nodeType":"n8n-nodes-base.code","nodeName":"Code in JavaScript1","nodeId":"948bbe64-85da-4a66-8bdf-bb2b924ecd83"}}
{"__type":"$$EventMessageConfirm","confirm":"2830b2a0-2caa-48f4-99f0-28b199566fac","ts":"2026-02-04T00:21:33.914-05:00","source":{"id":"0","name":"eventBus"}}
{"__type":"$$EventMessageWorkflow","id":"1adbd15f-ec2a-4ec4-a6d5-c74cad33cd2f","ts":"2026-02-04T00:21:33.919-05:00","eventName":"n8n.workflow.failed","message":"n8n.workflow.failed","payload":{"executionId":"17","success":false,"isManual":true,"workflowId":"_53rNqn32yrHtL0nStmtK","workflowName":"lyw_workflow","lastNodeExecuted":"Code in JavaScript1","errorMessage":"Cannot assign to read only property 'name' of object 'Error: Node 'Github Trigger' hasn't been executed'"}}
{"__type":"$$EventMessageConfirm","confirm":"1adbd15f-ec2a-4ec4-a6d5-c74cad33cd2f","ts":"2026-02-04T00:21:33.919-05:00","source":{"id":"0","name":"eventBus"}}
{"__type":"$$EventMessageWorkflow","id":"39b26e84-491d-4a47-8ca4-1793f05641d8","ts":"2026-02-04T00:24:33.397-05:00","eventName":"n8n.workflow.started","message":"n8n.workflow.started","payload":{"executionId":"18","workflowId":"_53rNqn32yrHtL0nStmtK","isManual":false,"workflowName":"lyw_workflow"}}
{"__type":"$$EventMessageConfirm","confirm":"39b26e84-491d-4a47-8ca4-1793f05641d8","ts":"2026-02-04T00:24:33.397-05:00","source":{"id":"0","name":"eventBus"}}
{"__type":"$$EventMessageNode","id":"8a82341b-f56f-45be-8ff3-ce9973267f86","ts":"2026-02-04T00:24:33.403-05:00","eventName":"n8n.node.started","message":"n8n.node.started","payload":{"workflowId":"_53rNqn32yrHtL0nStmtK","workflowName":"lyw_workflow","executionId":"18","nodeType":"n8n-nodes-base.code","nodeName":"Code in JavaScript1","nodeId":"948bbe64-85da-4a66-8bdf-bb2b924ecd83"}}
{"__type":"$$EventMessageConfirm","confirm":"8a82341b-f56f-45be-8ff3-ce9973267f86","ts":"2026-02-04T00:24:33.403-05:00","source":{"id":"0","name":"eventBus"}}
{"__type":"$$EventMessageRunner","id":"4f1a1152-2bf4-4a32-a2aa-33d2a76a8354","ts":"2026-02-04T00:24:33.409-05:00","eventName":"n8n.runner.task.requested","message":"n8n.runner.task.requested","payload":{"taskId":"Q4hJ9z2m","nodeId":"948bbe64-85da-4a66-8bdf-bb2b924ecd83","workflowId":"_53rNqn32yrHtL0nStmtK","executionId":"18"}}
{"__type":"$$EventMessageConfirm","confirm":"4f1a1152-2bf4-4a32-a2aa-33d2a76a8354","ts":"2026-02-04T00:24:33.409-05:00","source":{"id":"0","name":"eventBus"}}
{"__type":"$$EventMessageRunner","id":"cd689077-18e8-4ede-9ecd-1cc364316440","ts":"2026-02-04T00:24:33.440-05:00","eventName":"n8n.runner.response.received","message":"n8n.runner.response.received","payload":{"taskId":"Q4hJ9z2m","nodeId":"948bbe64-85da-4a66-8bdf-bb2b924ecd83","workflowId":"_53rNqn32yrHtL0nStmtK","executionId":"18"}}
{"__type":"$$EventMessageConfirm","confirm":"cd689077-18e8-4ede-9ecd-1cc364316440","ts":"2026-02-04T00:24:33.440-05:00","source":{"id":"0","name":"eventBus"}}
{"__type":"$$EventMessageNode","id":"a4c8cd47-2821-4b5d-9666-d99d6b8f7266","ts":"2026-02-04T00:24:33.443-05:00","eventName":"n8n.node.finished","message":"n8n.node.finished","payload":{"workflowId":"_53rNqn32yrHtL0nStmtK","workflowName":"lyw_workflow","executionId":"18","nodeType":"n8n-nodes-base.code","nodeName":"Code in JavaScript1","nodeId":"948bbe64-85da-4a66-8bdf-bb2b924ecd83"}}
{"__type":"$$EventMessageConfirm","confirm":"a4c8cd47-2821-4b5d-9666-d99d6b8f7266","ts":"2026-02-04T00:24:33.443-05:00","source":{"id":"0","name":"eventBus"}}
{"__type":"$$EventMessageWorkflow","id":"f6d2b028-27c6-4abe-b2a6-0f378f7b3a82","ts":"2026-02-04T00:24:33.449-05:00","eventName":"n8n.workflow.success","message":"n8n.workflow.success","payload":{"userId":"7dce4ed2-50f5-4428-b2d7-997f571a0c1e","executionId":"18","success":true,"isManual":true,"workflowId":"_53rNqn32yrHtL0nStmtK","workflowName":"lyw_workflow"}}
{"__type":"$$EventMessageConfirm","confirm":"f6d2b028-27c6-4abe-b2a6-0f378f7b3a82","ts":"2026-02-04T00:24:33.450-05:00","source":{"id":"0","name":"eventBus"}}
{"__type":"$$EventMessageWorkflow","id":"a46f1c31-3b40-4869-a9eb-2fc9fc5a6689","ts":"2026-02-04T00:24:47.156-05:00","eventName":"n8n.workflow.started","message":"n8n.workflow.started","payload":{"executionId":"19","workflowId":"_53rNqn32yrHtL0nStmtK","isManual":false,"workflowName":"lyw_workflow"}}
{"__type":"$$EventMessageConfirm","confirm":"a46f1c31-3b40-4869-a9eb-2fc9fc5a6689","ts":"2026-02-04T00:24:47.156-05:00","source":{"id":"0","name":"eventBus"}}
{"__type":"$$EventMessageNode","id":"ee7d8889-f6e5-4586-ae4d-d50d94a5a883","ts":"2026-02-04T00:24:47.159-05:00","eventName":"n8n.node.started","message":"n8n.node.started","payload":{"workflowId":"_53rNqn32yrHtL0nStmtK","workflowName":"lyw_workflow","executionId":"19","nodeType":"@n8n/n8n-nodes-langchain.googleGemini","nodeName":"Message a model1","nodeId":"3be182f1-5541-4d2d-9295-ab66187747c2"}}
{"__type":"$$EventMessageConfirm","confirm":"ee7d8889-f6e5-4586-ae4d-d50d94a5a883","ts":"2026-02-04T00:24:47.159-05:00","source":{"id":"0","name":"eventBus"}}
{"__type":"$$EventMessageNode","id":"dfe0dddf-98b2-47d6-b7c7-e6bc03f4c7e0","ts":"2026-02-04T00:25:14.770-05:00","eventName":"n8n.node.finished","message":"n8n.node.finished","payload":{"workflowId":"_53rNqn32yrHtL0nStmtK","workflowName":"lyw_workflow","executionId":"19","nodeType":"@n8n/n8n-nodes-langchain.googleGemini","nodeName":"Message a model1","nodeId":"3be182f1-5541-4d2d-9295-ab66187747c2"}}
{"__type":"$$EventMessageConfirm","confirm":"dfe0dddf-98b2-47d6-b7c7-e6bc03f4c7e0","ts":"2026-02-04T00:25:14.770-05:00","source":{"id":"0","name":"eventBus"}}
{"__type":"$$EventMessageWorkflow","id":"ddbc9fa5-65d1-4060-abaa-c8b924b4a81f","ts":"2026-02-04T00:25:14.775-05:00","eventName":"n8n.workflow.success","message":"n8n.workflow.success","payload":{"userId":"7dce4ed2-50f5-4428-b2d7-997f571a0c1e","executionId":"19","success":true,"isManual":true,"workflowId":"_53rNqn32yrHtL0nStmtK","workflowName":"lyw_workflow"}}
{"__type":"$$EventMessageConfirm","confirm":"ddbc9fa5-65d1-4060-abaa-c8b924b4a81f","ts":"2026-02-04T00:25:14.776-05:00","source":{"id":"0","name":"eventBus"}}
{"__type":"$$EventMessageWorkflow","id":"33a6241b-7ad5-4706-a9c4-f7d3b7b723d2","ts":"2026-02-04T00:25:22.126-05:00","eventName":"n8n.workflow.started","message":"n8n.workflow.started","payload":{"executionId":"20","workflowId":"_53rNqn32yrHtL0nStmtK","isManual":false,"workflowName":"lyw_workflow"}}
{"__type":"$$EventMessageConfirm","confirm":"33a6241b-7ad5-4706-a9c4-f7d3b7b723d2","ts":"2026-02-04T00:25:22.127-05:00","source":{"id":"0","name":"eventBus"}}
{"__type":"$$EventMessageNode","id":"f0e2c5da-d353-468d-88f9-deafa01d3c86","ts":"2026-02-04T00:25:22.129-05:00","eventName":"n8n.node.started","message":"n8n.node.started","payload":{"workflowId":"_53rNqn32yrHtL0nStmtK","workflowName":"lyw_workflow","executionId":"20","nodeType":"n8n-nodes-base.respondToWebhook","nodeName":"Respond to Webhook","nodeId":"d0fe7e3b-bba3-4c37-b2c1-aa91e196c9d4"}}
{"__type":"$$EventMessageConfirm","confirm":"f0e2c5da-d353-468d-88f9-deafa01d3c86","ts":"2026-02-04T00:25:22.129-05:00","source":{"id":"0","name":"eventBus"}}
{"__type":"$$EventMessageNode","id":"588693a6-69f4-4b2c-acbd-dfae921abd67","ts":"2026-02-04T00:25:22.130-05:00","eventName":"n8n.node.finished","message":"n8n.node.finished","payload":{"workflowId":"_53rNqn32yrHtL0nStmtK","workflowName":"lyw_workflow","executionId":"20","nodeType":"n8n-nodes-base.respondToWebhook","nodeName":"Respond to Webhook","nodeId":"d0fe7e3b-bba3-4c37-b2c1-aa91e196c9d4"}}
{"__type":"$$EventMessageConfirm","confirm":"588693a6-69f4-4b2c-acbd-dfae921abd67","ts":"2026-02-04T00:25:22.130-05:00","source":{"id":"0","name":"eventBus"}}
{"__type":"$$EventMessageWorkflow","id":"d1031ed4-c5b7-4e20-af74-3859fadc4bb4","ts":"2026-02-04T00:25:22.133-05:00","eventName":"n8n.workflow.success","message":"n8n.workflow.success","payload":{"userId":"7dce4ed2-50f5-4428-b2d7-997f571a0c1e","executionId":"20","success":true,"isManual":true,"workflowId":"_53rNqn32yrHtL0nStmtK","workflowName":"lyw_workflow"}}
{"__type":"$$EventMessageConfirm","confirm":"d1031ed4-c5b7-4e20-af74-3859fadc4bb4","ts":"2026-02-04T00:25:22.133-05:00","source":{"id":"0","name":"eventBus"}}
{"__type":"$$EventMessageWorkflow","id":"ee88289a-c7c5-4278-89e0-1de053d1848a","ts":"2026-02-04T00:25:34.987-05:00","eventName":"n8n.workflow.started","message":"n8n.workflow.started","payload":{"executionId":"21","workflowId":"_53rNqn32yrHtL0nStmtK","isManual":false,"workflowName":"lyw_workflow"}}
{"__type":"$$EventMessageConfirm","confirm":"ee88289a-c7c5-4278-89e0-1de053d1848a","ts":"2026-02-04T00:25:34.987-05:00","source":{"id":"0","name":"eventBus"}}
{"__type":"$$EventMessageNode","id":"3ced7744-ba89-467c-8887-5b5e23a6e258","ts":"2026-02-04T00:25:34.989-05:00","eventName":"n8n.node.started","message":"n8n.node.started","payload":{"workflowId":"_53rNqn32yrHtL0nStmtK","workflowName":"lyw_workflow","executionId":"21","nodeType":"n8n-nodes-base.webhook","nodeName":"Webhook","nodeId":"fdcdd9e1-9257-4813-80c9-a30bccba2339"}}
{"__type":"$$EventMessageConfirm","confirm":"3ced7744-ba89-467c-8887-5b5e23a6e258","ts":"2026-02-04T00:25:34.989-05:00","source":{"id":"0","name":"eventBus"}}
{"__type":"$$EventMessageNode","id":"78e40d3f-0a7d-4f1b-b960-1168ad7371d1","ts":"2026-02-04T00:25:34.990-05:00","eventName":"n8n.node.finished","message":"n8n.node.finished","payload":{"workflowId":"_53rNqn32yrHtL0nStmtK","workflowName":"lyw_workflow","executionId":"21","nodeType":"n8n-nodes-base.webhook","nodeName":"Webhook","nodeId":"fdcdd9e1-9257-4813-80c9-a30bccba2339"}}
{"__type":"$$EventMessageConfirm","confirm":"78e40d3f-0a7d-4f1b-b960-1168ad7371d1","ts":"2026-02-04T00:25:34.990-05:00","source":{"id":"0","name":"eventBus"}}
{"__type":"$$EventMessageNode","id":"59583709-7640-46c8-9b8b-aabae004a0e7","ts":"2026-02-04T00:25:34.990-05:00","eventName":"n8n.node.started","message":"n8n.node.started","payload":{"workflowId":"_53rNqn32yrHtL0nStmtK","workflowName":"lyw_workflow","executionId":"21","nodeType":"n8n-nodes-base.httpRequest","nodeName":"HTTP Request1","nodeId":"243f0b83-8ff0-43b5-8cc6-fae68169b01a"}}
{"__type":"$$EventMessageConfirm","confirm":"59583709-7640-46c8-9b8b-aabae004a0e7","ts":"2026-02-04T00:25:34.991-05:00","source":{"id":"0","name":"eventBus"}}
{"__type":"$$EventMessageNode","id":"f1212989-4c09-4693-af99-ad7ae3f502c9","ts":"2026-02-04T00:25:35.416-05:00","eventName":"n8n.node.finished","message":"n8n.node.finished","payload":{"workflowId":"_53rNqn32yrHtL0nStmtK","workflowName":"lyw_workflow","executionId":"21","nodeType":"n8n-nodes-base.httpRequest","nodeName":"HTTP Request1","nodeId":"243f0b83-8ff0-43b5-8cc6-fae68169b01a"}}
{"__type":"$$EventMessageConfirm","confirm":"f1212989-4c09-4693-af99-ad7ae3f502c9","ts":"2026-02-04T00:25:35.416-05:00","source":{"id":"0","name":"eventBus"}}
{"__type":"$$EventMessageNode","id":"b6a4a7ac-f95d-4941-944e-6d81bc92ef71","ts":"2026-02-04T00:25:35.417-05:00","eventName":"n8n.node.started","message":"n8n.node.started","payload":{"workflowId":"_53rNqn32yrHtL0nStmtK","workflowName":"lyw_workflow","executionId":"21","nodeType":"n8n-nodes-base.code","nodeName":"Code in JavaScript1","nodeId":"948bbe64-85da-4a66-8bdf-bb2b924ecd83"}}
{"__type":"$$EventMessageConfirm","confirm":"b6a4a7ac-f95d-4941-944e-6d81bc92ef71","ts":"2026-02-04T00:25:35.417-05:00","source":{"id":"0","name":"eventBus"}}
{"__type":"$$EventMessageRunner","id":"dcd1c10e-4000-4aee-9ec4-65cc2bb6d51e","ts":"2026-02-04T00:25:35.422-05:00","eventName":"n8n.runner.task.requested","message":"n8n.runner.task.requested","payload":{"taskId":"YvXjUMln","nodeId":"948bbe64-85da-4a66-8bdf-bb2b924ecd83","workflowId":"_53rNqn32yrHtL0nStmtK","executionId":"21"}}
{"__type":"$$EventMessageConfirm","confirm":"dcd1c10e-4000-4aee-9ec4-65cc2bb6d51e","ts":"2026-02-04T00:25:35.423-05:00","source":{"id":"0","name":"eventBus"}}
{"__type":"$$EventMessageRunner","id":"2ce447c7-2021-455e-bd83-e78aba093c0f","ts":"2026-02-04T00:25:35.450-05:00","eventName":"n8n.runner.response.received","message":"n8n.runner.response.received","payload":{"taskId":"YvXjUMln","nodeId":"948bbe64-85da-4a66-8bdf-bb2b924ecd83","workflowId":"_53rNqn32yrHtL0nStmtK","executionId":"21"}}
{"__type":"$$EventMessageConfirm","confirm":"2ce447c7-2021-455e-bd83-e78aba093c0f","ts":"2026-02-04T00:25:35.451-05:00","source":{"id":"0","name":"eventBus"}}
{"__type":"$$EventMessageNode","id":"ff25b2f3-6d71-446b-baed-008aed94b3b0","ts":"2026-02-04T00:25:35.452-05:00","eventName":"n8n.node.finished","message":"n8n.node.finished","payload":{"workflowId":"_53rNqn32yrHtL0nStmtK","workflowName":"lyw_workflow","executionId":"21","nodeType":"n8n-nodes-base.code","nodeName":"Code in JavaScript1","nodeId":"948bbe64-85da-4a66-8bdf-bb2b924ecd83"}}
{"__type":"$$EventMessageConfirm","confirm":"ff25b2f3-6d71-446b-baed-008aed94b3b0","ts":"2026-02-04T00:25:35.452-05:00","source":{"id":"0","name":"eventBus"}}
{"__type":"$$EventMessageNode","id":"183f47c1-d603-4d43-9ee5-f6803b57278c","ts":"2026-02-04T00:25:35.454-05:00","eventName":"n8n.node.started","message":"n8n.node.started","payload":{"workflowId":"_53rNqn32yrHtL0nStmtK","workflowName":"lyw_workflow","executionId":"21","nodeType":"@n8n/n8n-nodes-langchain.googleGemini","nodeName":"Message a model1","nodeId":"3be182f1-5541-4d2d-9295-ab66187747c2"}}
{"__type":"$$EventMessageConfirm","confirm":"183f47c1-d603-4d43-9ee5-f6803b57278c","ts":"2026-02-04T00:25:35.454-05:00","source":{"id":"0","name":"eventBus"}}
{"__type":"$$EventMessageNode","id":"3ff84093-5e90-47ea-ba7b-c574553316ad","ts":"2026-02-04T00:26:04.546-05:00","eventName":"n8n.node.finished","message":"n8n.node.finished","payload":{"workflowId":"_53rNqn32yrHtL0nStmtK","workflowName":"lyw_workflow","executionId":"21","nodeType":"@n8n/n8n-nodes-langchain.googleGemini","nodeName":"Message a model1","nodeId":"3be182f1-5541-4d2d-9295-ab66187747c2"}}
{"__type":"$$EventMessageConfirm","confirm":"3ff84093-5e90-47ea-ba7b-c574553316ad","ts":"2026-02-04T00:26:04.546-05:00","source":{"id":"0","name":"eventBus"}}
{"__type":"$$EventMessageNode","id":"cf30cf80-365d-4f33-9e04-1fe067b94b94","ts":"2026-02-04T00:26:04.549-05:00","eventName":"n8n.node.started","message":"n8n.node.started","payload":{"workflowId":"_53rNqn32yrHtL0nStmtK","workflowName":"lyw_workflow","executionId":"21","nodeType":"n8n-nodes-base.respondToWebhook","nodeName":"Respond to Webhook","nodeId":"d0fe7e3b-bba3-4c37-b2c1-aa91e196c9d4"}}
{"__type":"$$EventMessageConfirm","confirm":"cf30cf80-365d-4f33-9e04-1fe067b94b94","ts":"2026-02-04T00:26:04.549-05:00","source":{"id":"0","name":"eventBus"}}
{"__type":"$$EventMessageNode","id":"67cc8547-47e6-4d5d-9ba7-dca5f8b1f385","ts":"2026-02-04T00:26:04.555-05:00","eventName":"n8n.node.finished","message":"n8n.node.finished","payload":{"workflowId":"_53rNqn32yrHtL0nStmtK","workflowName":"lyw_workflow","executionId":"21","nodeType":"n8n-nodes-base.respondToWebhook","nodeName":"Respond to Webhook","nodeId":"d0fe7e3b-bba3-4c37-b2c1-aa91e196c9d4"}}
{"__type":"$$EventMessageConfirm","confirm":"67cc8547-47e6-4d5d-9ba7-dca5f8b1f385","ts":"2026-02-04T00:26:04.555-05:00","source":{"id":"0","name":"eventBus"}}
{"__type":"$$EventMessageWorkflow","id":"5d20404b-f824-4c2b-aa90-b1ff5f73b637","ts":"2026-02-04T00:26:04.567-05:00","eventName":"n8n.workflow.success","message":"n8n.workflow.success","payload":{"executionId":"21","success":true,"isManual":true,"workflowId":"_53rNqn32yrHtL0nStmtK","workflowName":"lyw_workflow"}}
{"__type":"$$EventMessageConfirm","confirm":"5d20404b-f824-4c2b-aa90-b1ff5f73b637","ts":"2026-02-04T00:26:04.567-05:00","source":{"id":"0","name":"eventBus"}}
{"__type":"$$EventMessageAudit","id":"d803e9d6-c9f8-4ada-b24b-d4acc2eb4c7a","ts":"2026-02-04T00:27:18.578-05:00","eventName":"n8n.audit.workflow.updated","message":"n8n.audit.workflow.updated","payload":{"userId":"7dce4ed2-50f5-4428-b2d7-997f571a0c1e","_email":"xmsxms000@gmail.com","_firstName":"YOUNGWOO","_lastName":"LEE","globalRole":"global:owner","workflowId":"_53rNqn32yrHtL0nStmtK","workflowName":"lyw_workflow"}}
{"__type":"$$EventMessageConfirm","confirm":"d803e9d6-c9f8-4ada-b24b-d4acc2eb4c7a","ts":"2026-02-04T00:27:18.579-05:00","source":{"id":"0","name":"eventBus"}}
{"__type":"$$EventMessageAudit","id":"2c0c0f57-c11d-46e3-82ab-8dc03277c06a","ts":"2026-02-04T00:28:55.462-05:00","eventName":"n8n.audit.workflow.updated","message":"n8n.audit.workflow.updated","payload":{"userId":"7dce4ed2-50f5-4428-b2d7-997f571a0c1e","_email":"xmsxms000@gmail.com","_firstName":"YOUNGWOO","_lastName":"LEE","globalRole":"global:owner","workflowId":"CTgx6oUSaM78hAeV-Qdmr","workflowName":"yujin_workflow"}}
{"__type":"$$EventMessageConfirm","confirm":"2c0c0f57-c11d-46e3-82ab-8dc03277c06a","ts":"2026-02-04T00:28:55.463-05:00","source":{"id":"0","name":"eventBus"}}
{"__type":"$$EventMessageAudit","id":"0e0c37be-b675-41bb-b87f-ad3df3b198fe","ts":"2026-02-04T00:29:07.358-05:00","eventName":"n8n.audit.workflow.updated","message":"n8n.audit.workflow.updated","payload":{"userId":"b313919a-17ba-403b-a288-40b5aa54e3f0","_email":"s0912135@gmail.com","_firstName":"yujin","_lastName":"park","globalRole":"global:member","workflowId":"CTgx6oUSaM78hAeV-Qdmr","workflowName":"yujin_workflow"}}
{"__type":"$$EventMessageConfirm","confirm":"0e0c37be-b675-41bb-b87f-ad3df3b198fe","ts":"2026-02-04T00:29:07.358-05:00","source":{"id":"0","name":"eventBus"}}
{"__type":"$$EventMessageWorkflow","id":"19d6cd51-60f5-41d6-9d7a-3d61f6d08bfd","ts":"2026-02-04T00:30:49.866-05:00","eventName":"n8n.workflow.started","message":"n8n.workflow.started","payload":{"executionId":"22","workflowId":"CTgx6oUSaM78hAeV-Qdmr","isManual":false,"workflowName":"yujin_workflow"}}
{"__type":"$$EventMessageConfirm","confirm":"19d6cd51-60f5-41d6-9d7a-3d61f6d08bfd","ts":"2026-02-04T00:30:49.866-05:00","source":{"id":"0","name":"eventBus"}}
{"__type":"$$EventMessageNode","id":"157a1195-a8b5-455e-b7b2-6cf177a8dc7f","ts":"2026-02-04T00:30:49.867-05:00","eventName":"n8n.node.started","message":"n8n.node.started","payload":{"workflowId":"CTgx6oUSaM78hAeV-Qdmr","workflowName":"yujin_workflow","executionId":"22","nodeType":"n8n-nodes-base.webhook","nodeName":"Webhook","nodeId":"de108b7b-3c43-458a-b1d9-1d9135df82de"}}
{"__type":"$$EventMessageConfirm","confirm":"157a1195-a8b5-455e-b7b2-6cf177a8dc7f","ts":"2026-02-04T00:30:49.867-05:00","source":{"id":"0","name":"eventBus"}}
{"__type":"$$EventMessageNode","id":"0ca1e659-2db9-4070-be42-e2d89168b586","ts":"2026-02-04T00:30:49.868-05:00","eventName":"n8n.node.finished","message":"n8n.node.finished","payload":{"workflowId":"CTgx6oUSaM78hAeV-Qdmr","workflowName":"yujin_workflow","executionId":"22","nodeType":"n8n-nodes-base.webhook","nodeName":"Webhook","nodeId":"de108b7b-3c43-458a-b1d9-1d9135df82de"}}
{"__type":"$$EventMessageConfirm","confirm":"0ca1e659-2db9-4070-be42-e2d89168b586","ts":"2026-02-04T00:30:49.868-05:00","source":{"id":"0","name":"eventBus"}}
{"__type":"$$EventMessageNode","id":"6d6ad8c4-feac-419d-8092-bac17d677af2","ts":"2026-02-04T00:30:49.868-05:00","eventName":"n8n.node.started","message":"n8n.node.started","payload":{"workflowId":"CTgx6oUSaM78hAeV-Qdmr","workflowName":"yujin_workflow","executionId":"22","nodeType":"n8n-nodes-base.code","nodeName":"Code in JavaScript1","nodeId":"3ae2eb54-cac7-42b1-9153-c99774a2b90f"}}
{"__type":"$$EventMessageConfirm","confirm":"6d6ad8c4-feac-419d-8092-bac17d677af2","ts":"2026-02-04T00:30:49.868-05:00","source":{"id":"0","name":"eventBus"}}
{"__type":"$$EventMessageRunner","id":"96ecce9b-28a7-4193-98a0-12c4b25b5c9f","ts":"2026-02-04T00:30:49.871-05:00","eventName":"n8n.runner.task.requested","message":"n8n.runner.task.requested","payload":{"taskId":"Qpp3H940","nodeId":"3ae2eb54-cac7-42b1-9153-c99774a2b90f","workflowId":"CTgx6oUSaM78hAeV-Qdmr","executionId":"22"}}
{"__type":"$$EventMessageConfirm","confirm":"96ecce9b-28a7-4193-98a0-12c4b25b5c9f","ts":"2026-02-04T00:30:49.871-05:00","source":{"id":"0","name":"eventBus"}}
{"__type":"$$EventMessageNode","id":"592fd8de-4a71-41ca-8eab-cf171bd1bf87","ts":"2026-02-04T00:30:49.887-05:00","eventName":"n8n.node.finished","message":"n8n.node.finished","payload":{"workflowId":"CTgx6oUSaM78hAeV-Qdmr","workflowName":"yujin_workflow","executionId":"22","nodeType":"n8n-nodes-base.code","nodeName":"Code in JavaScript1","nodeId":"3ae2eb54-cac7-42b1-9153-c99774a2b90f"}}
{"__type":"$$EventMessageConfirm","confirm":"592fd8de-4a71-41ca-8eab-cf171bd1bf87","ts":"2026-02-04T00:30:49.888-05:00","source":{"id":"0","name":"eventBus"}}
{"__type":"$$EventMessageWorkflow","id":"781e30d3-9c99-4c01-8af8-a61abb1b054e","ts":"2026-02-04T00:30:49.891-05:00","eventName":"n8n.workflow.failed","message":"n8n.workflow.failed","payload":{"executionId":"22","success":false,"isManual":true,"workflowId":"CTgx6oUSaM78hAeV-Qdmr","workflowName":"yujin_workflow","lastNodeExecuted":"Code in JavaScript1","errorMessage":"pr_url is required [line 5]"}}
{"__type":"$$EventMessageConfirm","confirm":"781e30d3-9c99-4c01-8af8-a61abb1b054e","ts":"2026-02-04T00:30:49.892-05:00","source":{"id":"0","name":"eventBus"}}
{"__type":"$$EventMessageAudit","id":"0d1486da-635f-477b-b7ae-0500fe57febb","ts":"2026-02-04T00:32:09.347-05:00","eventName":"n8n.audit.workflow.updated","message":"n8n.audit.workflow.updated","payload":{"userId":"7dce4ed2-50f5-4428-b2d7-997f571a0c1e","_email":"xmsxms000@gmail.com","_firstName":"YOUNGWOO","_lastName":"LEE","globalRole":"global:owner","workflowId":"CTgx6oUSaM78hAeV-Qdmr","workflowName":"yujin_workflow"}}
{"__type":"$$EventMessageConfirm","confirm":"0d1486da-635f-477b-b7ae-0500fe57febb","ts":"2026-02-04T00:32:09.348-05:00","source":{"id":"0","name":"eventBus"}}
{"__type":"$$EventMessageAudit","id":"daa29963-9249-45bf-988b-70e6d282760b","ts":"2026-02-04T00:32:21.734-05:00","eventName":"n8n.audit.workflow.updated","message":"n8n.audit.workflow.updated","payload":{"userId":"7dce4ed2-50f5-4428-b2d7-997f571a0c1e","_email":"xmsxms000@gmail.com","_firstName":"YOUNGWOO","_lastName":"LEE","globalRole":"global:owner","workflowId":"CTgx6oUSaM78hAeV-Qdmr","workflowName":"yujin_workflow"}}
{"__type":"$$EventMessageConfirm","confirm":"daa29963-9249-45bf-988b-70e6d282760b","ts":"2026-02-04T00:32:21.735-05:00","source":{"id":"0","name":"eventBus"}}
{"__type":"$$EventMessageAudit","id":"2bd7f230-814a-49a4-a39b-55ec627a9d14","ts":"2026-02-04T00:32:28.051-05:00","eventName":"n8n.audit.workflow.updated","message":"n8n.audit.workflow.updated","payload":{"userId":"7dce4ed2-50f5-4428-b2d7-997f571a0c1e","_email":"xmsxms000@gmail.com","_firstName":"YOUNGWOO","_lastName":"LEE","globalRole":"global:owner","workflowId":"CTgx6oUSaM78hAeV-Qdmr","workflowName":"yujin_workflow"}}
{"__type":"$$EventMessageConfirm","confirm":"2bd7f230-814a-49a4-a39b-55ec627a9d14","ts":"2026-02-04T00:32:28.051-05:00","source":{"id":"0","name":"eventBus"}}
{"__type":"$$EventMessageAudit","id":"d929f8d8-cd5f-4065-9f5b-225258956a60","ts":"2026-02-04T00:32:39.562-05:00","eventName":"n8n.audit.workflow.updated","message":"n8n.audit.workflow.updated","payload":{"userId":"7dce4ed2-50f5-4428-b2d7-997f571a0c1e","_email":"xmsxms000@gmail.com","_firstName":"YOUNGWOO","_lastName":"LEE","globalRole":"global:owner","workflowId":"CTgx6oUSaM78hAeV-Qdmr","workflowName":"yujin_workflow"}}
{"__type":"$$EventMessageConfirm","confirm":"d929f8d8-cd5f-4065-9f5b-225258956a60","ts":"2026-02-04T00:32:39.562-05:00","source":{"id":"0","name":"eventBus"}}
{"__type":"$$EventMessageAudit","id":"d74e7cbf-2990-4fcb-bb81-948ad638eb24","ts":"2026-02-04T00:32:50.633-05:00","eventName":"n8n.audit.workflow.updated","message":"n8n.audit.workflow.updated","payload":{"userId":"7dce4ed2-50f5-4428-b2d7-997f571a0c1e","_email":"xmsxms000@gmail.com","_firstName":"YOUNGWOO","_lastName":"LEE","globalRole":"global:owner","workflowId":"CTgx6oUSaM78hAeV-Qdmr","workflowName":"yujin_workflow"}}
{"__type":"$$EventMessageConfirm","confirm":"d74e7cbf-2990-4fcb-bb81-948ad638eb24","ts":"2026-02-04T00:32:50.633-05:00","source":{"id":"0","name":"eventBus"}}
{"__type":"$$EventMessageAudit","id":"9604ba17-ae06-4cb6-9302-cc3e4510055d","ts":"2026-02-04T00:32:54.514-05:00","eventName":"n8n.audit.workflow.updated","message":"n8n.audit.workflow.updated","payload":{"userId":"7dce4ed2-50f5-4428-b2d7-997f571a0c1e","_email":"xmsxms000@gmail.com","_firstName":"YOUNGWOO","_lastName":"LEE","globalRole":"global:owner","workflowId":"CTgx6oUSaM78hAeV-Qdmr","workflowName":"yujin_workflow"}}
{"__type":"$$EventMessageConfirm","confirm":"9604ba17-ae06-4cb6-9302-cc3e4510055d","ts":"2026-02-04T00:32:54.515-05:00","source":{"id":"0","name":"eventBus"}}
{"__type":"$$EventMessageAudit","id":"1b012fb2-d8f3-409f-9aa3-a567a30b7ebe","ts":"2026-02-04T00:33:41.821-05:00","eventName":"n8n.audit.workflow.updated","message":"n8n.audit.workflow.updated","payload":{"userId":"b313919a-17ba-403b-a288-40b5aa54e3f0","_email":"s0912135@gmail.com","_firstName":"yujin","_lastName":"park","globalRole":"global:member","workflowId":"CTgx6oUSaM78hAeV-Qdmr","workflowName":"yujin_workflow"}}
{"__type":"$$EventMessageConfirm","confirm":"1b012fb2-d8f3-409f-9aa3-a567a30b7ebe","ts":"2026-02-04T00:33:41.822-05:00","source":{"id":"0","name":"eventBus"}}
{"__type":"$$EventMessageAudit","id":"70b9b657-40ce-479f-9ccd-c88bd036a3ad","ts":"2026-02-04T00:33:53.294-05:00","eventName":"n8n.audit.workflow.updated","message":"n8n.audit.workflow.updated","payload":{"userId":"b313919a-17ba-403b-a288-40b5aa54e3f0","_email":"s0912135@gmail.com","_firstName":"yujin","_lastName":"park","globalRole":"global:member","workflowId":"CTgx6oUSaM78hAeV-Qdmr","workflowName":"yujin_workflow"}}
{"__type":"$$EventMessageConfirm","confirm":"70b9b657-40ce-479f-9ccd-c88bd036a3ad","ts":"2026-02-04T00:33:53.294-05:00","source":{"id":"0","name":"eventBus"}}
{"__type":"$$EventMessageAudit","id":"bcfbc141-a069-4c42-9555-735a7a4d79cb","ts":"2026-02-04T00:33:58.358-05:00","eventName":"n8n.audit.workflow.updated","message":"n8n.audit.workflow.updated","payload":{"userId":"b313919a-17ba-403b-a288-40b5aa54e3f0","_email":"s0912135@gmail.com","_firstName":"yujin","_lastName":"park","globalRole":"global:member","workflowId":"CTgx6oUSaM78hAeV-Qdmr","workflowName":"yujin_workflow"}}
{"__type":"$$EventMessageConfirm","confirm":"bcfbc141-a069-4c42-9555-735a7a4d79cb","ts":"2026-02-04T00:33:58.359-05:00","source":{"id":"0","name":"eventBus"}}
{"__type":"$$EventMessageWorkflow","id":"d983557f-0aff-4f26-9d58-fad0656ef590","ts":"2026-02-04T00:34:09.874-05:00","eventName":"n8n.workflow.started","message":"n8n.workflow.started","payload":{"executionId":"23","workflowId":"CTgx6oUSaM78hAeV-Qdmr","isManual":false,"workflowName":"yujin_workflow"}}
{"__type":"$$EventMessageConfirm","confirm":"d983557f-0aff-4f26-9d58-fad0656ef590","ts":"2026-02-04T00:34:09.874-05:00","source":{"id":"0","name":"eventBus"}}
{"__type":"$$EventMessageNode","id":"5ab257bf-a4c0-43b0-8b6f-9a9264e653f6","ts":"2026-02-04T00:34:09.875-05:00","eventName":"n8n.node.started","message":"n8n.node.started","payload":{"workflowId":"CTgx6oUSaM78hAeV-Qdmr","workflowName":"yujin_workflow","executionId":"23","nodeType":"n8n-nodes-base.webhook","nodeName":"Webhook","nodeId":"8690a67d-5879-4cf4-9936-4e1dcf35cfaf"}}
{"__type":"$$EventMessageConfirm","confirm":"5ab257bf-a4c0-43b0-8b6f-9a9264e653f6","ts":"2026-02-04T00:34:09.875-05:00","source":{"id":"0","name":"eventBus"}}
{"__type":"$$EventMessageNode","id":"423766c0-0e6e-4eb0-8aea-4591ccbc3f02","ts":"2026-02-04T00:34:09.875-05:00","eventName":"n8n.node.finished","message":"n8n.node.finished","payload":{"workflowId":"CTgx6oUSaM78hAeV-Qdmr","workflowName":"yujin_workflow","executionId":"23","nodeType":"n8n-nodes-base.webhook","nodeName":"Webhook","nodeId":"8690a67d-5879-4cf4-9936-4e1dcf35cfaf"}}
{"__type":"$$EventMessageConfirm","confirm":"423766c0-0e6e-4eb0-8aea-4591ccbc3f02","ts":"2026-02-04T00:34:09.875-05:00","source":{"id":"0","name":"eventBus"}}
{"__type":"$$EventMessageNode","id":"a10b5b68-3524-4bcf-84e7-f92adad8402d","ts":"2026-02-04T00:34:09.876-05:00","eventName":"n8n.node.started","message":"n8n.node.started","payload":{"workflowId":"CTgx6oUSaM78hAeV-Qdmr","workflowName":"yujin_workflow","executionId":"23","nodeType":"n8n-nodes-base.httpRequest","nodeName":"HTTP Request1","nodeId":"80088048-0857-457c-b9fa-45b816e7c322"}}
{"__type":"$$EventMessageConfirm","confirm":"a10b5b68-3524-4bcf-84e7-f92adad8402d","ts":"2026-02-04T00:34:09.876-05:00","source":{"id":"0","name":"eventBus"}}
{"__type":"$$EventMessageNode","id":"f661fd0b-b798-4a33-8928-55cbcfebe76d","ts":"2026-02-04T00:34:10.359-05:00","eventName":"n8n.node.finished","message":"n8n.node.finished","payload":{"workflowId":"CTgx6oUSaM78hAeV-Qdmr","workflowName":"yujin_workflow","executionId":"23","nodeType":"n8n-nodes-base.httpRequest","nodeName":"HTTP Request1","nodeId":"80088048-0857-457c-b9fa-45b816e7c322"}}
{"__type":"$$EventMessageConfirm","confirm":"f661fd0b-b798-4a33-8928-55cbcfebe76d","ts":"2026-02-04T00:34:10.359-05:00","source":{"id":"0","name":"eventBus"}}
{"__type":"$$EventMessageNode","id":"d595eb0c-36dd-4a13-8fd5-bfaa1335b5a0","ts":"2026-02-04T00:34:10.363-05:00","eventName":"n8n.node.started","message":"n8n.node.started","payload":{"workflowId":"CTgx6oUSaM78hAeV-Qdmr","workflowName":"yujin_workflow","executionId":"23","nodeType":"n8n-nodes-base.code","nodeName":"Code in JavaScript2","nodeId":"f409f479-5fc8-4543-aebf-a830ec128f4f"}}
{"__type":"$$EventMessageConfirm","confirm":"d595eb0c-36dd-4a13-8fd5-bfaa1335b5a0","ts":"2026-02-04T00:34:10.363-05:00","source":{"id":"0","name":"eventBus"}}
{"__type":"$$EventMessageRunner","id":"be0076df-6d41-47ac-b837-cbac8108dfcd","ts":"2026-02-04T00:34:10.365-05:00","eventName":"n8n.runner.task.requested","message":"n8n.runner.task.requested","payload":{"taskId":"SMAw0pcc","nodeId":"f409f479-5fc8-4543-aebf-a830ec128f4f","workflowId":"CTgx6oUSaM78hAeV-Qdmr","executionId":"23"}}
{"__type":"$$EventMessageConfirm","confirm":"be0076df-6d41-47ac-b837-cbac8108dfcd","ts":"2026-02-04T00:34:10.366-05:00","source":{"id":"0","name":"eventBus"}}
{"__type":"$$EventMessageNode","id":"780af9cf-713a-4b99-9668-186e079d9a11","ts":"2026-02-04T00:34:10.378-05:00","eventName":"n8n.node.finished","message":"n8n.node.finished","payload":{"workflowId":"CTgx6oUSaM78hAeV-Qdmr","workflowName":"yujin_workflow","executionId":"23","nodeType":"n8n-nodes-base.code","nodeName":"Code in JavaScript2","nodeId":"f409f479-5fc8-4543-aebf-a830ec128f4f"}}
{"__type":"$$EventMessageConfirm","confirm":"780af9cf-713a-4b99-9668-186e079d9a11","ts":"2026-02-04T00:34:10.378-05:00","source":{"id":"0","name":"eventBus"}}
{"__type":"$$EventMessageWorkflow","id":"ed35d75c-2a51-44d8-bb66-7a0a927f2340","ts":"2026-02-04T00:34:10.382-05:00","eventName":"n8n.workflow.failed","message":"n8n.workflow.failed","payload":{"executionId":"23","success":false,"isManual":true,"workflowId":"CTgx6oUSaM78hAeV-Qdmr","workflowName":"yujin_workflow","lastNodeExecuted":"Code in JavaScript2","errorMessage":"Cannot assign to read only property 'name' of object 'Error: Referenced node doesn't exist'"}}
{"__type":"$$EventMessageConfirm","confirm":"ed35d75c-2a51-44d8-bb66-7a0a927f2340","ts":"2026-02-04T00:34:10.382-05:00","source":{"id":"0","name":"eventBus"}}
{"__type":"$$EventMessageAudit","id":"78e26e35-6855-4a49-8bb7-afdb7d132e5c","ts":"2026-02-04T00:35:04.999-05:00","eventName":"n8n.audit.workflow.updated","message":"n8n.audit.workflow.updated","payload":{"userId":"b313919a-17ba-403b-a288-40b5aa54e3f0","_email":"s0912135@gmail.com","_firstName":"yujin","_lastName":"park","globalRole":"global:member","workflowId":"CTgx6oUSaM78hAeV-Qdmr","workflowName":"yujin_workflow"}}
{"__type":"$$EventMessageConfirm","confirm":"78e26e35-6855-4a49-8bb7-afdb7d132e5c","ts":"2026-02-04T00:35:04.999-05:00","source":{"id":"0","name":"eventBus"}}
{"__type":"$$EventMessageWorkflow","id":"954208e9-86cf-4f64-8b28-14eb2de4a7c6","ts":"2026-02-04T00:35:18.536-05:00","eventName":"n8n.workflow.started","message":"n8n.workflow.started","payload":{"executionId":"24","workflowId":"CTgx6oUSaM78hAeV-Qdmr","isManual":false,"workflowName":"yujin_workflow"}}
{"__type":"$$EventMessageConfirm","confirm":"954208e9-86cf-4f64-8b28-14eb2de4a7c6","ts":"2026-02-04T00:35:18.536-05:00","source":{"id":"0","name":"eventBus"}}
{"__type":"$$EventMessageNode","id":"bd1c2721-33e9-4388-bdf8-3d7ddd02d496","ts":"2026-02-04T00:35:18.536-05:00","eventName":"n8n.node.started","message":"n8n.node.started","payload":{"workflowId":"CTgx6oUSaM78hAeV-Qdmr","workflowName":"yujin_workflow","executionId":"24","nodeType":"n8n-nodes-base.webhook","nodeName":"Webhook","nodeId":"8690a67d-5879-4cf4-9936-4e1dcf35cfaf"}}
{"__type":"$$EventMessageConfirm","confirm":"bd1c2721-33e9-4388-bdf8-3d7ddd02d496","ts":"2026-02-04T00:35:18.536-05:00","source":{"id":"0","name":"eventBus"}}
{"__type":"$$EventMessageNode","id":"d107ce83-44f8-4470-9bb2-4b59a807b627","ts":"2026-02-04T00:35:18.537-05:00","eventName":"n8n.node.finished","message":"n8n.node.finished","payload":{"workflowId":"CTgx6oUSaM78hAeV-Qdmr","workflowName":"yujin_workflow","executionId":"24","nodeType":"n8n-nodes-base.webhook","nodeName":"Webhook","nodeId":"8690a67d-5879-4cf4-9936-4e1dcf35cfaf"}}
{"__type":"$$EventMessageConfirm","confirm":"d107ce83-44f8-4470-9bb2-4b59a807b627","ts":"2026-02-04T00:35:18.537-05:00","source":{"id":"0","name":"eventBus"}}
{"__type":"$$EventMessageNode","id":"d36c0ba6-3dba-45e7-a30c-25e16ffb97c6","ts":"2026-02-04T00:35:18.537-05:00","eventName":"n8n.node.started","message":"n8n.node.started","payload":{"workflowId":"CTgx6oUSaM78hAeV-Qdmr","workflowName":"yujin_workflow","executionId":"24","nodeType":"n8n-nodes-base.httpRequest","nodeName":"HTTP Request1","nodeId":"80088048-0857-457c-b9fa-45b816e7c322"}}
{"__type":"$$EventMessageConfirm","confirm":"d36c0ba6-3dba-45e7-a30c-25e16ffb97c6","ts":"2026-02-04T00:35:18.537-05:00","source":{"id":"0","name":"eventBus"}}
{"__type":"$$EventMessageNode","id":"8ddca1d2-a9d7-4dd4-a8a6-99824db65667","ts":"2026-02-04T00:35:18.920-05:00","eventName":"n8n.node.finished","message":"n8n.node.finished","payload":{"workflowId":"CTgx6oUSaM78hAeV-Qdmr","workflowName":"yujin_workflow","executionId":"24","nodeType":"n8n-nodes-base.httpRequest","nodeName":"HTTP Request1","nodeId":"80088048-0857-457c-b9fa-45b816e7c322"}}
{"__type":"$$EventMessageConfirm","confirm":"8ddca1d2-a9d7-4dd4-a8a6-99824db65667","ts":"2026-02-04T00:35:18.920-05:00","source":{"id":"0","name":"eventBus"}}
{"__type":"$$EventMessageNode","id":"b69385ea-051e-43aa-8d1a-c6ef9ea81aa5","ts":"2026-02-04T00:35:18.922-05:00","eventName":"n8n.node.started","message":"n8n.node.started","payload":{"workflowId":"CTgx6oUSaM78hAeV-Qdmr","workflowName":"yujin_workflow","executionId":"24","nodeType":"n8n-nodes-base.code","nodeName":"Code in JavaScript2","nodeId":"f409f479-5fc8-4543-aebf-a830ec128f4f"}}
{"__type":"$$EventMessageConfirm","confirm":"b69385ea-051e-43aa-8d1a-c6ef9ea81aa5","ts":"2026-02-04T00:35:18.922-05:00","source":{"id":"0","name":"eventBus"}}
{"__type":"$$EventMessageRunner","id":"8545226e-9cdf-46d7-ac23-d7ffd2373562","ts":"2026-02-04T00:35:18.924-05:00","eventName":"n8n.runner.task.requested","message":"n8n.runner.task.requested","payload":{"taskId":"-JFvR0Og","nodeId":"f409f479-5fc8-4543-aebf-a830ec128f4f","workflowId":"CTgx6oUSaM78hAeV-Qdmr","executionId":"24"}}
{"__type":"$$EventMessageConfirm","confirm":"8545226e-9cdf-46d7-ac23-d7ffd2373562","ts":"2026-02-04T00:35:18.924-05:00","source":{"id":"0","name":"eventBus"}}
{"__type":"$$EventMessageRunner","id":"7d47204a-fe41-40ce-b3a4-200e2efdda11","ts":"2026-02-04T00:35:18.934-05:00","eventName":"n8n.runner.response.received","message":"n8n.runner.response.received","payload":{"taskId":"-JFvR0Og","nodeId":"f409f479-5fc8-4543-aebf-a830ec128f4f","workflowId":"CTgx6oUSaM78hAeV-Qdmr","executionId":"24"}}
{"__type":"$$EventMessageConfirm","confirm":"7d47204a-fe41-40ce-b3a4-200e2efdda11","ts":"2026-02-04T00:35:18.935-05:00","source":{"id":"0","name":"eventBus"}}
{"__type":"$$EventMessageNode","id":"7744c7ff-8717-41bc-a371-49869fd0a20f","ts":"2026-02-04T00:35:18.936-05:00","eventName":"n8n.node.finished","message":"n8n.node.finished","payload":{"workflowId":"CTgx6oUSaM78hAeV-Qdmr","workflowName":"yujin_workflow","executionId":"24","nodeType":"n8n-nodes-base.code","nodeName":"Code in JavaScript2","nodeId":"f409f479-5fc8-4543-aebf-a830ec128f4f"}}
{"__type":"$$EventMessageConfirm","confirm":"7744c7ff-8717-41bc-a371-49869fd0a20f","ts":"2026-02-04T00:35:18.936-05:00","source":{"id":"0","name":"eventBus"}}
{"__type":"$$EventMessageNode","id":"667221b3-de74-496e-98c6-06876b20136c","ts":"2026-02-04T00:35:18.938-05:00","eventName":"n8n.node.started","message":"n8n.node.started","payload":{"workflowId":"CTgx6oUSaM78hAeV-Qdmr","workflowName":"yujin_workflow","executionId":"24","nodeType":"@n8n/n8n-nodes-langchain.googleGemini","nodeName":"Message a model1","nodeId":"ab5e14e2-766c-45ad-8655-03206f2e17c3"}}
{"__type":"$$EventMessageConfirm","confirm":"667221b3-de74-496e-98c6-06876b20136c","ts":"2026-02-04T00:35:18.938-05:00","source":{"id":"0","name":"eventBus"}}
{"__type":"$$EventMessageNode","id":"1c0e90cd-08cd-4fdc-bcd6-baeb69be9e36","ts":"2026-02-04T00:35:40.288-05:00","eventName":"n8n.node.finished","message":"n8n.node.finished","payload":{"workflowId":"CTgx6oUSaM78hAeV-Qdmr","workflowName":"yujin_workflow","executionId":"24","nodeType":"@n8n/n8n-nodes-langchain.googleGemini","nodeName":"Message a model1","nodeId":"ab5e14e2-766c-45ad-8655-03206f2e17c3"}}
{"__type":"$$EventMessageConfirm","confirm":"1c0e90cd-08cd-4fdc-bcd6-baeb69be9e36","ts":"2026-02-04T00:35:40.288-05:00","source":{"id":"0","name":"eventBus"}}
{"__type":"$$EventMessageNode","id":"5652fc9a-ff3a-45cd-bcca-86748a28ceb2","ts":"2026-02-04T00:35:40.289-05:00","eventName":"n8n.node.started","message":"n8n.node.started","payload":{"workflowId":"CTgx6oUSaM78hAeV-Qdmr","workflowName":"yujin_workflow","executionId":"24","nodeType":"n8n-nodes-base.respondToWebhook","nodeName":"Respond to Webhook","nodeId":"5ac57c11-52c7-41b5-a6b5-0828b71bf522"}}
{"__type":"$$EventMessageConfirm","confirm":"5652fc9a-ff3a-45cd-bcca-86748a28ceb2","ts":"2026-02-04T00:35:40.290-05:00","source":{"id":"0","name":"eventBus"}}
{"__type":"$$EventMessageNode","id":"87e44e89-05d5-4ad5-b96f-83a9bd7234de","ts":"2026-02-04T00:35:40.295-05:00","eventName":"n8n.node.finished","message":"n8n.node.finished","payload":{"workflowId":"CTgx6oUSaM78hAeV-Qdmr","workflowName":"yujin_workflow","executionId":"24","nodeType":"n8n-nodes-base.respondToWebhook","nodeName":"Respond to Webhook","nodeId":"5ac57c11-52c7-41b5-a6b5-0828b71bf522"}}
{"__type":"$$EventMessageConfirm","confirm":"87e44e89-05d5-4ad5-b96f-83a9bd7234de","ts":"2026-02-04T00:35:40.295-05:00","source":{"id":"0","name":"eventBus"}}
{"__type":"$$EventMessageWorkflow","id":"e8b966f2-7438-488f-b33b-41eddb28abec","ts":"2026-02-04T00:35:40.302-05:00","eventName":"n8n.workflow.success","message":"n8n.workflow.success","payload":{"executionId":"24","success":true,"isManual":true,"workflowId":"CTgx6oUSaM78hAeV-Qdmr","workflowName":"yujin_workflow"}}
{"__type":"$$EventMessageConfirm","confirm":"e8b966f2-7438-488f-b33b-41eddb28abec","ts":"2026-02-04T00:35:40.302-05:00","source":{"id":"0","name":"eventBus"}}
{"__type":"$$EventMessageWorkflow","id":"e5764722-9365-4712-911a-6f47b1fe6130","ts":"2026-02-04T01:29:07.997-05:00","eventName":"n8n.workflow.started","message":"n8n.workflow.started","payload":{"executionId":"25","workflowId":"_53rNqn32yrHtL0nStmtK","isManual":false,"workflowName":"lyw_workflow"}}
{"__type":"$$EventMessageConfirm","confirm":"e5764722-9365-4712-911a-6f47b1fe6130","ts":"2026-02-04T01:29:07.998-05:00","source":{"id":"0","name":"eventBus"}}
{"__type":"$$EventMessageNode","id":"f44eedbb-15de-4c04-a947-5af061b5c687","ts":"2026-02-04T01:29:08.003-05:00","eventName":"n8n.node.started","message":"n8n.node.started","payload":{"workflowId":"_53rNqn32yrHtL0nStmtK","workflowName":"lyw_workflow","executionId":"25","nodeType":"n8n-nodes-base.webhook","nodeName":"Webhook","nodeId":"fdcdd9e1-9257-4813-80c9-a30bccba2339"}}
{"__type":"$$EventMessageConfirm","confirm":"f44eedbb-15de-4c04-a947-5af061b5c687","ts":"2026-02-04T01:29:08.004-05:00","source":{"id":"0","name":"eventBus"}}
{"__type":"$$EventMessageNode","id":"9d07d527-8140-4371-906f-00e8d1710607","ts":"2026-02-04T01:29:08.006-05:00","eventName":"n8n.node.finished","message":"n8n.node.finished","payload":{"workflowId":"_53rNqn32yrHtL0nStmtK","workflowName":"lyw_workflow","executionId":"25","nodeType":"n8n-nodes-base.webhook","nodeName":"Webhook","nodeId":"fdcdd9e1-9257-4813-80c9-a30bccba2339"}}
{"__type":"$$EventMessageConfirm","confirm":"9d07d527-8140-4371-906f-00e8d1710607","ts":"2026-02-04T01:29:08.006-05:00","source":{"id":"0","name":"eventBus"}}
{"__type":"$$EventMessageNode","id":"7c3c3bb5-725c-4212-874e-f7ca36c2b206","ts":"2026-02-04T01:29:08.006-05:00","eventName":"n8n.node.started","message":"n8n.node.started","payload":{"workflowId":"_53rNqn32yrHtL0nStmtK","workflowName":"lyw_workflow","executionId":"25","nodeType":"n8n-nodes-base.httpRequest","nodeName":"HTTP Request1","nodeId":"243f0b83-8ff0-43b5-8cc6-fae68169b01a"}}
{"__type":"$$EventMessageConfirm","confirm":"7c3c3bb5-725c-4212-874e-f7ca36c2b206","ts":"2026-02-04T01:29:08.007-05:00","source":{"id":"0","name":"eventBus"}}
{"__type":"$$EventMessageNode","id":"10eadb1e-58fc-4d59-8ed2-232056e5ae89","ts":"2026-02-04T01:29:08.555-05:00","eventName":"n8n.node.finished","message":"n8n.node.finished","payload":{"workflowId":"_53rNqn32yrHtL0nStmtK","workflowName":"lyw_workflow","executionId":"25","nodeType":"n8n-nodes-base.httpRequest","nodeName":"HTTP Request1","nodeId":"243f0b83-8ff0-43b5-8cc6-fae68169b01a"}}
{"__type":"$$EventMessageConfirm","confirm":"10eadb1e-58fc-4d59-8ed2-232056e5ae89","ts":"2026-02-04T01:29:08.556-05:00","source":{"id":"0","name":"eventBus"}}
{"__type":"$$EventMessageNode","id":"1230b859-9343-4e6e-ac70-2ecf1a850343","ts":"2026-02-04T01:29:08.558-05:00","eventName":"n8n.node.started","message":"n8n.node.started","payload":{"workflowId":"_53rNqn32yrHtL0nStmtK","workflowName":"lyw_workflow","executionId":"25","nodeType":"n8n-nodes-base.code","nodeName":"Code in JavaScript1","nodeId":"948bbe64-85da-4a66-8bdf-bb2b924ecd83"}}
{"__type":"$$EventMessageConfirm","confirm":"1230b859-9343-4e6e-ac70-2ecf1a850343","ts":"2026-02-04T01:29:08.558-05:00","source":{"id":"0","name":"eventBus"}}
{"__type":"$$EventMessageRunner","id":"a40de3fc-c813-4c6a-8f0c-b90913c9c66c","ts":"2026-02-04T01:29:08.563-05:00","eventName":"n8n.runner.task.requested","message":"n8n.runner.task.requested","payload":{"taskId":"6TV_RfvM","nodeId":"948bbe64-85da-4a66-8bdf-bb2b924ecd83","workflowId":"_53rNqn32yrHtL0nStmtK","executionId":"25"}}
{"__type":"$$EventMessageConfirm","confirm":"a40de3fc-c813-4c6a-8f0c-b90913c9c66c","ts":"2026-02-04T01:29:08.563-05:00","source":{"id":"0","name":"eventBus"}}
{"__type":"$$EventMessageRunner","id":"7afdea75-83bb-4e29-89f5-24e37291a5c5","ts":"2026-02-04T01:29:08.587-05:00","eventName":"n8n.runner.response.received","message":"n8n.runner.response.received","payload":{"taskId":"6TV_RfvM","nodeId":"948bbe64-85da-4a66-8bdf-bb2b924ecd83","workflowId":"_53rNqn32yrHtL0nStmtK","executionId":"25"}}
{"__type":"$$EventMessageConfirm","confirm":"7afdea75-83bb-4e29-89f5-24e37291a5c5","ts":"2026-02-04T01:29:08.587-05:00","source":{"id":"0","name":"eventBus"}}
{"__type":"$$EventMessageNode","id":"6bb357e3-ea10-4c39-8b51-b2f9079941ab","ts":"2026-02-04T01:29:08.587-05:00","eventName":"n8n.node.finished","message":"n8n.node.finished","payload":{"workflowId":"_53rNqn32yrHtL0nStmtK","workflowName":"lyw_workflow","executionId":"25","nodeType":"n8n-nodes-base.code","nodeName":"Code in JavaScript1","nodeId":"948bbe64-85da-4a66-8bdf-bb2b924ecd83"}}
{"__type":"$$EventMessageConfirm","confirm":"6bb357e3-ea10-4c39-8b51-b2f9079941ab","ts":"2026-02-04T01:29:08.588-05:00","source":{"id":"0","name":"eventBus"}}
{"__type":"$$EventMessageNode","id":"a4073cf8-90cb-4e54-bc12-dcf7bdc54f2d","ts":"2026-02-04T01:29:08.588-05:00","eventName":"n8n.node.started","message":"n8n.node.started","payload":{"workflowId":"_53rNqn32yrHtL0nStmtK","workflowName":"lyw_workflow","executionId":"25","nodeType":"@n8n/n8n-nodes-langchain.googleGemini","nodeName":"Message a model1","nodeId":"3be182f1-5541-4d2d-9295-ab66187747c2"}}
{"__type":"$$EventMessageConfirm","confirm":"a4073cf8-90cb-4e54-bc12-dcf7bdc54f2d","ts":"2026-02-04T01:29:08.589-05:00","source":{"id":"0","name":"eventBus"}}
{"__type":"$$EventMessageNode","id":"3ac4c42b-11a5-4caa-80c0-b5068bb943b2","ts":"2026-02-04T01:29:17.134-05:00","eventName":"n8n.node.finished","message":"n8n.node.finished","payload":{"workflowId":"_53rNqn32yrHtL0nStmtK","workflowName":"lyw_workflow","executionId":"25","nodeType":"@n8n/n8n-nodes-langchain.googleGemini","nodeName":"Message a model1","nodeId":"3be182f1-5541-4d2d-9295-ab66187747c2"}}
{"__type":"$$EventMessageConfirm","confirm":"3ac4c42b-11a5-4caa-80c0-b5068bb943b2","ts":"2026-02-04T01:29:17.136-05:00","source":{"id":"0","name":"eventBus"}}
{"__type":"$$EventMessageNode","id":"74fffe7d-7b9e-4da5-95a8-90b0649dabef","ts":"2026-02-04T01:29:17.138-05:00","eventName":"n8n.node.started","message":"n8n.node.started","payload":{"workflowId":"_53rNqn32yrHtL0nStmtK","workflowName":"lyw_workflow","executionId":"25","nodeType":"n8n-nodes-base.respondToWebhook","nodeName":"Respond to Webhook","nodeId":"d0fe7e3b-bba3-4c37-b2c1-aa91e196c9d4"}}
{"__type":"$$EventMessageConfirm","confirm":"74fffe7d-7b9e-4da5-95a8-90b0649dabef","ts":"2026-02-04T01:29:17.138-05:00","source":{"id":"0","name":"eventBus"}}
{"__type":"$$EventMessageNode","id":"1d73b72a-b042-410d-b988-238199583cf5","ts":"2026-02-04T01:29:17.145-05:00","eventName":"n8n.node.finished","message":"n8n.node.finished","payload":{"workflowId":"_53rNqn32yrHtL0nStmtK","workflowName":"lyw_workflow","executionId":"25","nodeType":"n8n-nodes-base.respondToWebhook","nodeName":"Respond to Webhook","nodeId":"d0fe7e3b-bba3-4c37-b2c1-aa91e196c9d4"}}
{"__type":"$$EventMessageConfirm","confirm":"1d73b72a-b042-410d-b988-238199583cf5","ts":"2026-02-04T01:29:17.146-05:00","source":{"id":"0","name":"eventBus"}}
{"__type":"$$EventMessageWorkflow","id":"f4a37ddf-26f9-4d50-b66e-b3ba5ad15b16","ts":"2026-02-04T01:29:17.159-05:00","eventName":"n8n.workflow.success","message":"n8n.workflow.success","payload":{"executionId":"25","success":true,"isManual":true,"workflowId":"_53rNqn32yrHtL0nStmtK","workflowName":"lyw_workflow"}}
{"__type":"$$EventMessageConfirm","confirm":"f4a37ddf-26f9-4d50-b66e-b3ba5ad15b16","ts":"2026-02-04T01:29:17.159-05:00","source":{"id":"0","name":"eventBus"}}
{"__type":"$$EventMessageWorkflow","id":"6678cb1b-d9e6-43a6-94ec-350537544ce4","ts":"2026-02-04T01:35:04.255-05:00","eventName":"n8n.workflow.started","message":"n8n.workflow.started","payload":{"executionId":"26","workflowId":"_53rNqn32yrHtL0nStmtK","isManual":false,"workflowName":"lyw_workflow"}}
{"__type":"$$EventMessageConfirm","confirm":"6678cb1b-d9e6-43a6-94ec-350537544ce4","ts":"2026-02-04T01:35:04.256-05:00","source":{"id":"0","name":"eventBus"}}
{"__type":"$$EventMessageNode","id":"ce45535c-5afa-49ed-ae13-6c1248ab153e","ts":"2026-02-04T01:35:04.258-05:00","eventName":"n8n.node.started","message":"n8n.node.started","payload":{"workflowId":"_53rNqn32yrHtL0nStmtK","workflowName":"lyw_workflow","executionId":"26","nodeType":"n8n-nodes-base.webhook","nodeName":"Webhook","nodeId":"fdcdd9e1-9257-4813-80c9-a30bccba2339"}}
{"__type":"$$EventMessageConfirm","confirm":"ce45535c-5afa-49ed-ae13-6c1248ab153e","ts":"2026-02-04T01:35:04.259-05:00","source":{"id":"0","name":"eventBus"}}
{"__type":"$$EventMessageNode","id":"aba9ae78-7f2b-471e-86a6-d2eeea7517fd","ts":"2026-02-04T01:35:04.261-05:00","eventName":"n8n.node.finished","message":"n8n.node.finished","payload":{"workflowId":"_53rNqn32yrHtL0nStmtK","workflowName":"lyw_workflow","executionId":"26","nodeType":"n8n-nodes-base.webhook","nodeName":"Webhook","nodeId":"fdcdd9e1-9257-4813-80c9-a30bccba2339"}}
{"__type":"$$EventMessageConfirm","confirm":"aba9ae78-7f2b-471e-86a6-d2eeea7517fd","ts":"2026-02-04T01:35:04.261-05:00","source":{"id":"0","name":"eventBus"}}
{"__type":"$$EventMessageNode","id":"17a99efd-6267-40df-a65a-07df3355eeb5","ts":"2026-02-04T01:35:04.262-05:00","eventName":"n8n.node.started","message":"n8n.node.started","payload":{"workflowId":"_53rNqn32yrHtL0nStmtK","workflowName":"lyw_workflow","executionId":"26","nodeType":"n8n-nodes-base.httpRequest","nodeName":"HTTP Request1","nodeId":"243f0b83-8ff0-43b5-8cc6-fae68169b01a"}}
{"__type":"$$EventMessageConfirm","confirm":"17a99efd-6267-40df-a65a-07df3355eeb5","ts":"2026-02-04T01:35:04.263-05:00","source":{"id":"0","name":"eventBus"}}
{"__type":"$$EventMessageNode","id":"ec48a5db-6ffc-48eb-8349-dba734a0f048","ts":"2026-02-04T01:35:04.683-05:00","eventName":"n8n.node.finished","message":"n8n.node.finished","payload":{"workflowId":"_53rNqn32yrHtL0nStmtK","workflowName":"lyw_workflow","executionId":"26","nodeType":"n8n-nodes-base.httpRequest","nodeName":"HTTP Request1","nodeId":"243f0b83-8ff0-43b5-8cc6-fae68169b01a"}}
{"__type":"$$EventMessageConfirm","confirm":"ec48a5db-6ffc-48eb-8349-dba734a0f048","ts":"2026-02-04T01:35:04.683-05:00","source":{"id":"0","name":"eventBus"}}
{"__type":"$$EventMessageNode","id":"2e47d0b1-9b77-4869-8088-e67a50b26efe","ts":"2026-02-04T01:35:04.685-05:00","eventName":"n8n.node.started","message":"n8n.node.started","payload":{"workflowId":"_53rNqn32yrHtL0nStmtK","workflowName":"lyw_workflow","executionId":"26","nodeType":"n8n-nodes-base.code","nodeName":"Code in JavaScript1","nodeId":"948bbe64-85da-4a66-8bdf-bb2b924ecd83"}}
{"__type":"$$EventMessageConfirm","confirm":"2e47d0b1-9b77-4869-8088-e67a50b26efe","ts":"2026-02-04T01:35:04.685-05:00","source":{"id":"0","name":"eventBus"}}
{"__type":"$$EventMessageRunner","id":"3735d669-1603-458f-acc2-3f9e5be108df","ts":"2026-02-04T01:35:04.690-05:00","eventName":"n8n.runner.task.requested","message":"n8n.runner.task.requested","payload":{"taskId":"aT6BVR3A","nodeId":"948bbe64-85da-4a66-8bdf-bb2b924ecd83","workflowId":"_53rNqn32yrHtL0nStmtK","executionId":"26"}}
{"__type":"$$EventMessageConfirm","confirm":"3735d669-1603-458f-acc2-3f9e5be108df","ts":"2026-02-04T01:35:04.690-05:00","source":{"id":"0","name":"eventBus"}}
{"__type":"$$EventMessageRunner","id":"d96453d5-2f9d-473c-9927-1d8dac277ac9","ts":"2026-02-04T01:35:04.721-05:00","eventName":"n8n.runner.response.received","message":"n8n.runner.response.received","payload":{"taskId":"aT6BVR3A","nodeId":"948bbe64-85da-4a66-8bdf-bb2b924ecd83","workflowId":"_53rNqn32yrHtL0nStmtK","executionId":"26"}}
{"__type":"$$EventMessageConfirm","confirm":"d96453d5-2f9d-473c-9927-1d8dac277ac9","ts":"2026-02-04T01:35:04.722-05:00","source":{"id":"0","name":"eventBus"}}
{"__type":"$$EventMessageNode","id":"9d08f974-be8d-46eb-be22-928036ed4ef9","ts":"2026-02-04T01:35:04.723-05:00","eventName":"n8n.node.finished","message":"n8n.node.finished","payload":{"workflowId":"_53rNqn32yrHtL0nStmtK","workflowName":"lyw_workflow","executionId":"26","nodeType":"n8n-nodes-base.code","nodeName":"Code in JavaScript1","nodeId":"948bbe64-85da-4a66-8bdf-bb2b924ecd83"}}
{"__type":"$$EventMessageConfirm","confirm":"9d08f974-be8d-46eb-be22-928036ed4ef9","ts":"2026-02-04T01:35:04.723-05:00","source":{"id":"0","name":"eventBus"}}
{"__type":"$$EventMessageNode","id":"6c0fc63c-4187-418f-b14d-4e4940bfa42c","ts":"2026-02-04T01:35:04.724-05:00","eventName":"n8n.node.started","message":"n8n.node.started","payload":{"workflowId":"_53rNqn32yrHtL0nStmtK","workflowName":"lyw_workflow","executionId":"26","nodeType":"@n8n/n8n-nodes-langchain.googleGemini","nodeName":"Message a model1","nodeId":"3be182f1-5541-4d2d-9295-ab66187747c2"}}
{"__type":"$$EventMessageConfirm","confirm":"6c0fc63c-4187-418f-b14d-4e4940bfa42c","ts":"2026-02-04T01:35:04.725-05:00","source":{"id":"0","name":"eventBus"}}
{"__type":"$$EventMessageNode","id":"737ede49-bee2-4c1e-90cc-db034bd34072","ts":"2026-02-04T01:35:18.791-05:00","eventName":"n8n.node.finished","message":"n8n.node.finished","payload":{"workflowId":"_53rNqn32yrHtL0nStmtK","workflowName":"lyw_workflow","executionId":"26","nodeType":"@n8n/n8n-nodes-langchain.googleGemini","nodeName":"Message a model1","nodeId":"3be182f1-5541-4d2d-9295-ab66187747c2"}}
{"__type":"$$EventMessageConfirm","confirm":"737ede49-bee2-4c1e-90cc-db034bd34072","ts":"2026-02-04T01:35:18.792-05:00","source":{"id":"0","name":"eventBus"}}
{"__type":"$$EventMessageNode","id":"162efdf4-126f-43c0-913c-43d43503419e","ts":"2026-02-04T01:35:18.794-05:00","eventName":"n8n.node.started","message":"n8n.node.started","payload":{"workflowId":"_53rNqn32yrHtL0nStmtK","workflowName":"lyw_workflow","executionId":"26","nodeType":"n8n-nodes-base.respondToWebhook","nodeName":"Respond to Webhook","nodeId":"d0fe7e3b-bba3-4c37-b2c1-aa91e196c9d4"}}
{"__type":"$$EventMessageConfirm","confirm":"162efdf4-126f-43c0-913c-43d43503419e","ts":"2026-02-04T01:35:18.795-05:00","source":{"id":"0","name":"eventBus"}}
{"__type":"$$EventMessageNode","id":"339155d0-e2f2-476d-bef1-a09fc1539b14","ts":"2026-02-04T01:35:18.800-05:00","eventName":"n8n.node.finished","message":"n8n.node.finished","payload":{"workflowId":"_53rNqn32yrHtL0nStmtK","workflowName":"lyw_workflow","executionId":"26","nodeType":"n8n-nodes-base.respondToWebhook","nodeName":"Respond to Webhook","nodeId":"d0fe7e3b-bba3-4c37-b2c1-aa91e196c9d4"}}
{"__type":"$$EventMessageConfirm","confirm":"339155d0-e2f2-476d-bef1-a09fc1539b14","ts":"2026-02-04T01:35:18.800-05:00","source":{"id":"0","name":"eventBus"}}
{"__type":"$$EventMessageWorkflow","id":"9bf26dc3-bfb4-4445-a745-44c065441d0c","ts":"2026-02-04T01:35:18.809-05:00","eventName":"n8n.workflow.success","message":"n8n.workflow.success","payload":{"executionId":"26","success":true,"isManual":true,"workflowId":"_53rNqn32yrHtL0nStmtK","workflowName":"lyw_workflow"}}
{"__type":"$$EventMessageConfirm","confirm":"9bf26dc3-bfb4-4445-a745-44c065441d0c","ts":"2026-02-04T01:35:18.809-05:00","source":{"id":"0","name":"eventBus"}}
{"__type":"$$EventMessageWorkflow","id":"82e9464d-dcff-4225-a000-466bfc3c4cf4","ts":"2026-02-04T01:38:51.052-05:00","eventName":"n8n.workflow.started","message":"n8n.workflow.started","payload":{"executionId":"27","workflowId":"_53rNqn32yrHtL0nStmtK","isManual":false,"workflowName":"lyw_workflow"}}
{"__type":"$$EventMessageConfirm","confirm":"82e9464d-dcff-4225-a000-466bfc3c4cf4","ts":"2026-02-04T01:38:51.053-05:00","source":{"id":"0","name":"eventBus"}}
{"__type":"$$EventMessageNode","id":"21628e1b-b049-442d-bcaf-3a0baf8575a5","ts":"2026-02-04T01:38:51.054-05:00","eventName":"n8n.node.started","message":"n8n.node.started","payload":{"workflowId":"_53rNqn32yrHtL0nStmtK","workflowName":"lyw_workflow","executionId":"27","nodeType":"n8n-nodes-base.webhook","nodeName":"Webhook","nodeId":"fdcdd9e1-9257-4813-80c9-a30bccba2339"}}
{"__type":"$$EventMessageConfirm","confirm":"21628e1b-b049-442d-bcaf-3a0baf8575a5","ts":"2026-02-04T01:38:51.054-05:00","source":{"id":"0","name":"eventBus"}}
{"__type":"$$EventMessageNode","id":"37ace526-a1bc-4d0d-ab38-4c917b3ccec1","ts":"2026-02-04T01:38:51.055-05:00","eventName":"n8n.node.finished","message":"n8n.node.finished","payload":{"workflowId":"_53rNqn32yrHtL0nStmtK","workflowName":"lyw_workflow","executionId":"27","nodeType":"n8n-nodes-base.webhook","nodeName":"Webhook","nodeId":"fdcdd9e1-9257-4813-80c9-a30bccba2339"}}
{"__type":"$$EventMessageConfirm","confirm":"37ace526-a1bc-4d0d-ab38-4c917b3ccec1","ts":"2026-02-04T01:38:51.055-05:00","source":{"id":"0","name":"eventBus"}}
{"__type":"$$EventMessageNode","id":"c79e97a5-33d6-4571-bccb-24be0a715b54","ts":"2026-02-04T01:38:51.055-05:00","eventName":"n8n.node.started","message":"n8n.node.started","payload":{"workflowId":"_53rNqn32yrHtL0nStmtK","workflowName":"lyw_workflow","executionId":"27","nodeType":"n8n-nodes-base.httpRequest","nodeName":"HTTP Request1","nodeId":"243f0b83-8ff0-43b5-8cc6-fae68169b01a"}}
{"__type":"$$EventMessageConfirm","confirm":"c79e97a5-33d6-4571-bccb-24be0a715b54","ts":"2026-02-04T01:38:51.056-05:00","source":{"id":"0","name":"eventBus"}}
{"__type":"$$EventMessageNode","id":"003d69f9-5900-4b31-a865-ad07bd1ccb07","ts":"2026-02-04T01:38:51.510-05:00","eventName":"n8n.node.finished","message":"n8n.node.finished","payload":{"workflowId":"_53rNqn32yrHtL0nStmtK","workflowName":"lyw_workflow","executionId":"27","nodeType":"n8n-nodes-base.httpRequest","nodeName":"HTTP Request1","nodeId":"243f0b83-8ff0-43b5-8cc6-fae68169b01a"}}
{"__type":"$$EventMessageConfirm","confirm":"003d69f9-5900-4b31-a865-ad07bd1ccb07","ts":"2026-02-04T01:38:51.511-05:00","source":{"id":"0","name":"eventBus"}}
{"__type":"$$EventMessageNode","id":"f4695c94-32ce-4df7-8aa8-18d1ed97c596","ts":"2026-02-04T01:38:51.512-05:00","eventName":"n8n.node.started","message":"n8n.node.started","payload":{"workflowId":"_53rNqn32yrHtL0nStmtK","workflowName":"lyw_workflow","executionId":"27","nodeType":"n8n-nodes-base.code","nodeName":"Code in JavaScript1","nodeId":"948bbe64-85da-4a66-8bdf-bb2b924ecd83"}}
{"__type":"$$EventMessageConfirm","confirm":"f4695c94-32ce-4df7-8aa8-18d1ed97c596","ts":"2026-02-04T01:38:51.512-05:00","source":{"id":"0","name":"eventBus"}}
{"__type":"$$EventMessageRunner","id":"742754ab-62d4-44e3-90af-5bed948cd5cf","ts":"2026-02-04T01:38:51.516-05:00","eventName":"n8n.runner.task.requested","message":"n8n.runner.task.requested","payload":{"taskId":"plh4wG3h","nodeId":"948bbe64-85da-4a66-8bdf-bb2b924ecd83","workflowId":"_53rNqn32yrHtL0nStmtK","executionId":"27"}}
{"__type":"$$EventMessageConfirm","confirm":"742754ab-62d4-44e3-90af-5bed948cd5cf","ts":"2026-02-04T01:38:51.516-05:00","source":{"id":"0","name":"eventBus"}}
{"__type":"$$EventMessageRunner","id":"f9f3b28a-6178-40f1-bdde-bc6dd1906a89","ts":"2026-02-04T01:38:51.543-05:00","eventName":"n8n.runner.response.received","message":"n8n.runner.response.received","payload":{"taskId":"plh4wG3h","nodeId":"948bbe64-85da-4a66-8bdf-bb2b924ecd83","workflowId":"_53rNqn32yrHtL0nStmtK","executionId":"27"}}
{"__type":"$$EventMessageConfirm","confirm":"f9f3b28a-6178-40f1-bdde-bc6dd1906a89","ts":"2026-02-04T01:38:51.543-05:00","source":{"id":"0","name":"eventBus"}}
{"__type":"$$EventMessageNode","id":"01fe7c07-2b86-4ba4-afa9-870075c6cfe4","ts":"2026-02-04T01:38:51.544-05:00","eventName":"n8n.node.finished","message":"n8n.node.finished","payload":{"workflowId":"_53rNqn32yrHtL0nStmtK","workflowName":"lyw_workflow","executionId":"27","nodeType":"n8n-nodes-base.code","nodeName":"Code in JavaScript1","nodeId":"948bbe64-85da-4a66-8bdf-bb2b924ecd83"}}
{"__type":"$$EventMessageConfirm","confirm":"01fe7c07-2b86-4ba4-afa9-870075c6cfe4","ts":"2026-02-04T01:38:51.544-05:00","source":{"id":"0","name":"eventBus"}}
{"__type":"$$EventMessageNode","id":"2e2777fc-0092-4ce6-8972-44c2dcab6c84","ts":"2026-02-04T01:38:51.544-05:00","eventName":"n8n.node.started","message":"n8n.node.started","payload":{"workflowId":"_53rNqn32yrHtL0nStmtK","workflowName":"lyw_workflow","executionId":"27","nodeType":"@n8n/n8n-nodes-langchain.googleGemini","nodeName":"Message a model1","nodeId":"3be182f1-5541-4d2d-9295-ab66187747c2"}}
{"__type":"$$EventMessageConfirm","confirm":"2e2777fc-0092-4ce6-8972-44c2dcab6c84","ts":"2026-02-04T01:38:51.544-05:00","source":{"id":"0","name":"eventBus"}}
{"__type":"$$EventMessageNode","id":"b44d2d92-b280-4028-9f7d-8c16c6963a44","ts":"2026-02-04T01:39:13.117-05:00","eventName":"n8n.node.finished","message":"n8n.node.finished","payload":{"workflowId":"_53rNqn32yrHtL0nStmtK","workflowName":"lyw_workflow","executionId":"27","nodeType":"@n8n/n8n-nodes-langchain.googleGemini","nodeName":"Message a model1","nodeId":"3be182f1-5541-4d2d-9295-ab66187747c2"}}
{"__type":"$$EventMessageConfirm","confirm":"b44d2d92-b280-4028-9f7d-8c16c6963a44","ts":"2026-02-04T01:39:13.119-05:00","source":{"id":"0","name":"eventBus"}}
{"__type":"$$EventMessageNode","id":"eddd6218-f39a-409e-baa3-4e326a94402d","ts":"2026-02-04T01:39:13.122-05:00","eventName":"n8n.node.started","message":"n8n.node.started","payload":{"workflowId":"_53rNqn32yrHtL0nStmtK","workflowName":"lyw_workflow","executionId":"27","nodeType":"n8n-nodes-base.respondToWebhook","nodeName":"Respond to Webhook","nodeId":"d0fe7e3b-bba3-4c37-b2c1-aa91e196c9d4"}}
{"__type":"$$EventMessageConfirm","confirm":"eddd6218-f39a-409e-baa3-4e326a94402d","ts":"2026-02-04T01:39:13.122-05:00","source":{"id":"0","name":"eventBus"}}
{"__type":"$$EventMessageNode","id":"6273c72a-4cd8-4989-a027-5289461b603d","ts":"2026-02-04T01:39:13.126-05:00","eventName":"n8n.node.finished","message":"n8n.node.finished","payload":{"workflowId":"_53rNqn32yrHtL0nStmtK","workflowName":"lyw_workflow","executionId":"27","nodeType":"n8n-nodes-base.respondToWebhook","nodeName":"Respond to Webhook","nodeId":"d0fe7e3b-bba3-4c37-b2c1-aa91e196c9d4"}}
{"__type":"$$EventMessageConfirm","confirm":"6273c72a-4cd8-4989-a027-5289461b603d","ts":"2026-02-04T01:39:13.126-05:00","source":{"id":"0","name":"eventBus"}}
{"__type":"$$EventMessageWorkflow","id":"a68b5529-2759-45a5-9428-afb3f7063eac","ts":"2026-02-04T01:39:13.139-05:00","eventName":"n8n.workflow.success","message":"n8n.workflow.success","payload":{"executionId":"27","success":true,"isManual":true,"workflowId":"_53rNqn32yrHtL0nStmtK","workflowName":"lyw_workflow"}}
{"__type":"$$EventMessageConfirm","confirm":"a68b5529-2759-45a5-9428-afb3f7063eac","ts":"2026-02-04T01:39:13.139-05:00","source":{"id":"0","name":"eventBus"}}
{"__type":"$$EventMessageWorkflow","id":"da917722-3b24-40b3-b07e-36bd26844dc1","ts":"2026-02-04T01:39:47.414-05:00","eventName":"n8n.workflow.started","message":"n8n.workflow.started","payload":{"executionId":"28","workflowId":"_53rNqn32yrHtL0nStmtK","isManual":false,"workflowName":"lyw_workflow"}}
{"__type":"$$EventMessageConfirm","confirm":"da917722-3b24-40b3-b07e-36bd26844dc1","ts":"2026-02-04T01:39:47.414-05:00","source":{"id":"0","name":"eventBus"}}
{"__type":"$$EventMessageNode","id":"15da1b20-fae8-4815-b37a-54120295c34d","ts":"2026-02-04T01:39:47.415-05:00","eventName":"n8n.node.started","message":"n8n.node.started","payload":{"workflowId":"_53rNqn32yrHtL0nStmtK","workflowName":"lyw_workflow","executionId":"28","nodeType":"n8n-nodes-base.webhook","nodeName":"Webhook","nodeId":"fdcdd9e1-9257-4813-80c9-a30bccba2339"}}
{"__type":"$$EventMessageConfirm","confirm":"15da1b20-fae8-4815-b37a-54120295c34d","ts":"2026-02-04T01:39:47.415-05:00","source":{"id":"0","name":"eventBus"}}
{"__type":"$$EventMessageNode","id":"f1cdb2a6-82e1-4fe5-9bd8-395a90b80079","ts":"2026-02-04T01:39:47.415-05:00","eventName":"n8n.node.finished","message":"n8n.node.finished","payload":{"workflowId":"_53rNqn32yrHtL0nStmtK","workflowName":"lyw_workflow","executionId":"28","nodeType":"n8n-nodes-base.webhook","nodeName":"Webhook","nodeId":"fdcdd9e1-9257-4813-80c9-a30bccba2339"}}
{"__type":"$$EventMessageConfirm","confirm":"f1cdb2a6-82e1-4fe5-9bd8-395a90b80079","ts":"2026-02-04T01:39:47.415-05:00","source":{"id":"0","name":"eventBus"}}
{"__type":"$$EventMessageNode","id":"872d3e31-d2da-4209-83ba-010c55e889d3","ts":"2026-02-04T01:39:47.416-05:00","eventName":"n8n.node.started","message":"n8n.node.started","payload":{"workflowId":"_53rNqn32yrHtL0nStmtK","workflowName":"lyw_workflow","executionId":"28","nodeType":"n8n-nodes-base.httpRequest","nodeName":"HTTP Request1","nodeId":"243f0b83-8ff0-43b5-8cc6-fae68169b01a"}}
{"__type":"$$EventMessageConfirm","confirm":"872d3e31-d2da-4209-83ba-010c55e889d3","ts":"2026-02-04T01:39:47.416-05:00","source":{"id":"0","name":"eventBus"}}
{"__type":"$$EventMessageNode","id":"6b1a4091-39fb-4788-a6ae-be3bd8cbdf5c","ts":"2026-02-04T01:39:47.817-05:00","eventName":"n8n.node.finished","message":"n8n.node.finished","payload":{"workflowId":"_53rNqn32yrHtL0nStmtK","workflowName":"lyw_workflow","executionId":"28","nodeType":"n8n-nodes-base.httpRequest","nodeName":"HTTP Request1","nodeId":"243f0b83-8ff0-43b5-8cc6-fae68169b01a"}}
{"__type":"$$EventMessageConfirm","confirm":"6b1a4091-39fb-4788-a6ae-be3bd8cbdf5c","ts":"2026-02-04T01:39:47.818-05:00","source":{"id":"0","name":"eventBus"}}
{"__type":"$$EventMessageNode","id":"59994db2-f092-4223-a4c1-1053b8c0ec1b","ts":"2026-02-04T01:39:47.822-05:00","eventName":"n8n.node.started","message":"n8n.node.started","payload":{"workflowId":"_53rNqn32yrHtL0nStmtK","workflowName":"lyw_workflow","executionId":"28","nodeType":"n8n-nodes-base.code","nodeName":"Code in JavaScript1","nodeId":"948bbe64-85da-4a66-8bdf-bb2b924ecd83"}}
{"__type":"$$EventMessageConfirm","confirm":"59994db2-f092-4223-a4c1-1053b8c0ec1b","ts":"2026-02-04T01:39:47.822-05:00","source":{"id":"0","name":"eventBus"}}
{"__type":"$$EventMessageRunner","id":"827b21c9-aef8-483d-843f-9832ed8d0976","ts":"2026-02-04T01:39:47.827-05:00","eventName":"n8n.runner.task.requested","message":"n8n.runner.task.requested","payload":{"taskId":"HkDzPKzW","nodeId":"948bbe64-85da-4a66-8bdf-bb2b924ecd83","workflowId":"_53rNqn32yrHtL0nStmtK","executionId":"28"}}
{"__type":"$$EventMessageConfirm","confirm":"827b21c9-aef8-483d-843f-9832ed8d0976","ts":"2026-02-04T01:39:47.827-05:00","source":{"id":"0","name":"eventBus"}}
{"__type":"$$EventMessageRunner","id":"4ee80019-07fe-4b5b-948b-0477bf913cb4","ts":"2026-02-04T01:39:47.872-05:00","eventName":"n8n.runner.response.received","message":"n8n.runner.response.received","payload":{"taskId":"HkDzPKzW","nodeId":"948bbe64-85da-4a66-8bdf-bb2b924ecd83","workflowId":"_53rNqn32yrHtL0nStmtK","executionId":"28"}}
{"__type":"$$EventMessageConfirm","confirm":"4ee80019-07fe-4b5b-948b-0477bf913cb4","ts":"2026-02-04T01:39:47.872-05:00","source":{"id":"0","name":"eventBus"}}
{"__type":"$$EventMessageNode","id":"078dcacc-cd4b-47da-9d4b-1e72e5c6f80d","ts":"2026-02-04T01:39:47.874-05:00","eventName":"n8n.node.finished","message":"n8n.node.finished","payload":{"workflowId":"_53rNqn32yrHtL0nStmtK","workflowName":"lyw_workflow","executionId":"28","nodeType":"n8n-nodes-base.code","nodeName":"Code in JavaScript1","nodeId":"948bbe64-85da-4a66-8bdf-bb2b924ecd83"}}
{"__type":"$$EventMessageConfirm","confirm":"078dcacc-cd4b-47da-9d4b-1e72e5c6f80d","ts":"2026-02-04T01:39:47.874-05:00","source":{"id":"0","name":"eventBus"}}
{"__type":"$$EventMessageNode","id":"a7d7437d-a7a2-4f76-b98b-3cc9c85be55c","ts":"2026-02-04T01:39:47.877-05:00","eventName":"n8n.node.started","message":"n8n.node.started","payload":{"workflowId":"_53rNqn32yrHtL0nStmtK","workflowName":"lyw_workflow","executionId":"28","nodeType":"@n8n/n8n-nodes-langchain.googleGemini","nodeName":"Message a model1","nodeId":"3be182f1-5541-4d2d-9295-ab66187747c2"}}
{"__type":"$$EventMessageConfirm","confirm":"a7d7437d-a7a2-4f76-b98b-3cc9c85be55c","ts":"2026-02-04T01:39:47.877-05:00","source":{"id":"0","name":"eventBus"}}
{"__type":"$$EventMessageNode","id":"bbdaa763-40f4-4614-a71d-047aa23a78b9","ts":"2026-02-04T01:39:58.345-05:00","eventName":"n8n.node.finished","message":"n8n.node.finished","payload":{"workflowId":"_53rNqn32yrHtL0nStmtK","workflowName":"lyw_workflow","executionId":"28","nodeType":"@n8n/n8n-nodes-langchain.googleGemini","nodeName":"Message a model1","nodeId":"3be182f1-5541-4d2d-9295-ab66187747c2"}}
{"__type":"$$EventMessageConfirm","confirm":"bbdaa763-40f4-4614-a71d-047aa23a78b9","ts":"2026-02-04T01:39:58.346-05:00","source":{"id":"0","name":"eventBus"}}
{"__type":"$$EventMessageNode","id":"e423ec9b-0060-41bf-b7b2-6b94f7b087fd","ts":"2026-02-04T01:39:58.347-05:00","eventName":"n8n.node.started","message":"n8n.node.started","payload":{"workflowId":"_53rNqn32yrHtL0nStmtK","workflowName":"lyw_workflow","executionId":"28","nodeType":"n8n-nodes-base.respondToWebhook","nodeName":"Respond to Webhook","nodeId":"d0fe7e3b-bba3-4c37-b2c1-aa91e196c9d4"}}
{"__type":"$$EventMessageConfirm","confirm":"e423ec9b-0060-41bf-b7b2-6b94f7b087fd","ts":"2026-02-04T01:39:58.347-05:00","source":{"id":"0","name":"eventBus"}}
{"__type":"$$EventMessageNode","id":"3d9dd89a-fa60-4e1c-9877-d78cc7849281","ts":"2026-02-04T01:39:58.350-05:00","eventName":"n8n.node.finished","message":"n8n.node.finished","payload":{"workflowId":"_53rNqn32yrHtL0nStmtK","workflowName":"lyw_workflow","executionId":"28","nodeType":"n8n-nodes-base.respondToWebhook","nodeName":"Respond to Webhook","nodeId":"d0fe7e3b-bba3-4c37-b2c1-aa91e196c9d4"}}
{"__type":"$$EventMessageConfirm","confirm":"3d9dd89a-fa60-4e1c-9877-d78cc7849281","ts":"2026-02-04T01:39:58.351-05:00","source":{"id":"0","name":"eventBus"}}
{"__type":"$$EventMessageWorkflow","id":"1aec3990-67ca-4f27-85e5-51ebb8b7b5ed","ts":"2026-02-04T01:39:58.360-05:00","eventName":"n8n.workflow.success","message":"n8n.workflow.success","payload":{"executionId":"28","success":true,"isManual":true,"workflowId":"_53rNqn32yrHtL0nStmtK","workflowName":"lyw_workflow"}}
{"__type":"$$EventMessageConfirm","confirm":"1aec3990-67ca-4f27-85e5-51ebb8b7b5ed","ts":"2026-02-04T01:39:58.360-05:00","source":{"id":"0","name":"eventBus"}}
{"__type":"$$EventMessageWorkflow","id":"86482ba1-6dae-42d1-b587-dca45a9d2ed1","ts":"2026-02-04T01:57:17.139-05:00","eventName":"n8n.workflow.started","message":"n8n.workflow.started","payload":{"executionId":"29","workflowId":"_53rNqn32yrHtL0nStmtK","isManual":false,"workflowName":"lyw_workflow"}}
{"__type":"$$EventMessageConfirm","confirm":"86482ba1-6dae-42d1-b587-dca45a9d2ed1","ts":"2026-02-04T01:57:17.139-05:00","source":{"id":"0","name":"eventBus"}}
{"__type":"$$EventMessageNode","id":"5cc58cc0-6aab-47ff-8243-8b0b0e842ccb","ts":"2026-02-04T01:57:17.141-05:00","eventName":"n8n.node.started","message":"n8n.node.started","payload":{"workflowId":"_53rNqn32yrHtL0nStmtK","workflowName":"lyw_workflow","executionId":"29","nodeType":"n8n-nodes-base.webhook","nodeName":"Webhook","nodeId":"fdcdd9e1-9257-4813-80c9-a30bccba2339"}}
{"__type":"$$EventMessageConfirm","confirm":"5cc58cc0-6aab-47ff-8243-8b0b0e842ccb","ts":"2026-02-04T01:57:17.141-05:00","source":{"id":"0","name":"eventBus"}}
{"__type":"$$EventMessageNode","id":"08b74956-bf3b-4cce-88f9-3a2e819b48a4","ts":"2026-02-04T01:57:17.142-05:00","eventName":"n8n.node.finished","message":"n8n.node.finished","payload":{"workflowId":"_53rNqn32yrHtL0nStmtK","workflowName":"lyw_workflow","executionId":"29","nodeType":"n8n-nodes-base.webhook","nodeName":"Webhook","nodeId":"fdcdd9e1-9257-4813-80c9-a30bccba2339"}}
{"__type":"$$EventMessageConfirm","confirm":"08b74956-bf3b-4cce-88f9-3a2e819b48a4","ts":"2026-02-04T01:57:17.142-05:00","source":{"id":"0","name":"eventBus"}}
{"__type":"$$EventMessageNode","id":"1b30fcdb-d61d-497c-8d56-93f964585542","ts":"2026-02-04T01:57:17.143-05:00","eventName":"n8n.node.started","message":"n8n.node.started","payload":{"workflowId":"_53rNqn32yrHtL0nStmtK","workflowName":"lyw_workflow","executionId":"29","nodeType":"n8n-nodes-base.httpRequest","nodeName":"HTTP Request1","nodeId":"243f0b83-8ff0-43b5-8cc6-fae68169b01a"}}
{"__type":"$$EventMessageConfirm","confirm":"1b30fcdb-d61d-497c-8d56-93f964585542","ts":"2026-02-04T01:57:17.143-05:00","source":{"id":"0","name":"eventBus"}}
{"__type":"$$EventMessageNode","id":"17418a30-0294-4059-a0ef-007f981fe836","ts":"2026-02-04T01:57:17.563-05:00","eventName":"n8n.node.finished","message":"n8n.node.finished","payload":{"workflowId":"_53rNqn32yrHtL0nStmtK","workflowName":"lyw_workflow","executionId":"29","nodeType":"n8n-nodes-base.httpRequest","nodeName":"HTTP Request1","nodeId":"243f0b83-8ff0-43b5-8cc6-fae68169b01a"}}
{"__type":"$$EventMessageConfirm","confirm":"17418a30-0294-4059-a0ef-007f981fe836","ts":"2026-02-04T01:57:17.563-05:00","source":{"id":"0","name":"eventBus"}}
{"__type":"$$EventMessageNode","id":"60f14494-58fb-4baf-bbde-1b1df829ad23","ts":"2026-02-04T01:57:17.566-05:00","eventName":"n8n.node.started","message":"n8n.node.started","payload":{"workflowId":"_53rNqn32yrHtL0nStmtK","workflowName":"lyw_workflow","executionId":"29","nodeType":"n8n-nodes-base.code","nodeName":"Code in JavaScript1","nodeId":"948bbe64-85da-4a66-8bdf-bb2b924ecd83"}}
{"__type":"$$EventMessageConfirm","confirm":"60f14494-58fb-4baf-bbde-1b1df829ad23","ts":"2026-02-04T01:57:17.566-05:00","source":{"id":"0","name":"eventBus"}}
{"__type":"$$EventMessageRunner","id":"5b198302-9ab4-4624-a5d4-7cfd400d3364","ts":"2026-02-04T01:57:17.583-05:00","eventName":"n8n.runner.task.requested","message":"n8n.runner.task.requested","payload":{"taskId":"7VPl_TDv","nodeId":"948bbe64-85da-4a66-8bdf-bb2b924ecd83","workflowId":"_53rNqn32yrHtL0nStmtK","executionId":"29"}}
{"__type":"$$EventMessageConfirm","confirm":"5b198302-9ab4-4624-a5d4-7cfd400d3364","ts":"2026-02-04T01:57:17.584-05:00","source":{"id":"0","name":"eventBus"}}
{"__type":"$$EventMessageRunner","id":"9a07742d-ec08-4d3f-9897-95d75cfc9f01","ts":"2026-02-04T01:57:17.608-05:00","eventName":"n8n.runner.response.received","message":"n8n.runner.response.received","payload":{"taskId":"7VPl_TDv","nodeId":"948bbe64-85da-4a66-8bdf-bb2b924ecd83","workflowId":"_53rNqn32yrHtL0nStmtK","executionId":"29"}}
{"__type":"$$EventMessageConfirm","confirm":"9a07742d-ec08-4d3f-9897-95d75cfc9f01","ts":"2026-02-04T01:57:17.608-05:00","source":{"id":"0","name":"eventBus"}}
{"__type":"$$EventMessageNode","id":"b77ebaf1-7f81-420c-9dbe-a6d62f0ba66a","ts":"2026-02-04T01:57:17.609-05:00","eventName":"n8n.node.finished","message":"n8n.node.finished","payload":{"workflowId":"_53rNqn32yrHtL0nStmtK","workflowName":"lyw_workflow","executionId":"29","nodeType":"n8n-nodes-base.code","nodeName":"Code in JavaScript1","nodeId":"948bbe64-85da-4a66-8bdf-bb2b924ecd83"}}
{"__type":"$$EventMessageConfirm","confirm":"b77ebaf1-7f81-420c-9dbe-a6d62f0ba66a","ts":"2026-02-04T01:57:17.609-05:00","source":{"id":"0","name":"eventBus"}}
{"__type":"$$EventMessageNode","id":"abe86898-2872-4b2c-b343-d29730c9bc39","ts":"2026-02-04T01:57:17.610-05:00","eventName":"n8n.node.started","message":"n8n.node.started","payload":{"workflowId":"_53rNqn32yrHtL0nStmtK","workflowName":"lyw_workflow","executionId":"29","nodeType":"@n8n/n8n-nodes-langchain.googleGemini","nodeName":"Message a model1","nodeId":"3be182f1-5541-4d2d-9295-ab66187747c2"}}
{"__type":"$$EventMessageConfirm","confirm":"abe86898-2872-4b2c-b343-d29730c9bc39","ts":"2026-02-04T01:57:17.610-05:00","source":{"id":"0","name":"eventBus"}}
{"__type":"$$EventMessageNode","id":"c19f5696-9c00-4e35-9bc6-80d72d6dc130","ts":"2026-02-04T01:57:33.052-05:00","eventName":"n8n.node.finished","message":"n8n.node.finished","payload":{"workflowId":"_53rNqn32yrHtL0nStmtK","workflowName":"lyw_workflow","executionId":"29","nodeType":"@n8n/n8n-nodes-langchain.googleGemini","nodeName":"Message a model1","nodeId":"3be182f1-5541-4d2d-9295-ab66187747c2"}}
{"__type":"$$EventMessageConfirm","confirm":"c19f5696-9c00-4e35-9bc6-80d72d6dc130","ts":"2026-02-04T01:57:33.052-05:00","source":{"id":"0","name":"eventBus"}}
{"__type":"$$EventMessageNode","id":"89a8cf84-bffb-472e-ba57-ce581c53338a","ts":"2026-02-04T01:57:33.054-05:00","eventName":"n8n.node.started","message":"n8n.node.started","payload":{"workflowId":"_53rNqn32yrHtL0nStmtK","workflowName":"lyw_workflow","executionId":"29","nodeType":"n8n-nodes-base.respondToWebhook","nodeName":"Respond to Webhook","nodeId":"d0fe7e3b-bba3-4c37-b2c1-aa91e196c9d4"}}
{"__type":"$$EventMessageConfirm","confirm":"89a8cf84-bffb-472e-ba57-ce581c53338a","ts":"2026-02-04T01:57:33.058-05:00","source":{"id":"0","name":"eventBus"}}
{"__type":"$$EventMessageNode","id":"de9f2057-8e10-45ff-9687-9625ffa9a8ec","ts":"2026-02-04T01:57:33.065-05:00","eventName":"n8n.node.finished","message":"n8n.node.finished","payload":{"workflowId":"_53rNqn32yrHtL0nStmtK","workflowName":"lyw_workflow","executionId":"29","nodeType":"n8n-nodes-base.respondToWebhook","nodeName":"Respond to Webhook","nodeId":"d0fe7e3b-bba3-4c37-b2c1-aa91e196c9d4"}}
{"__type":"$$EventMessageConfirm","confirm":"de9f2057-8e10-45ff-9687-9625ffa9a8ec","ts":"2026-02-04T01:57:33.066-05:00","source":{"id":"0","name":"eventBus"}}
{"__type":"$$EventMessageWorkflow","id":"8729f33c-9874-4751-9e83-59eb30347a38","ts":"2026-02-04T01:57:33.071-05:00","eventName":"n8n.workflow.success","message":"n8n.workflow.success","payload":{"executionId":"29","success":true,"isManual":true,"workflowId":"_53rNqn32yrHtL0nStmtK","workflowName":"lyw_workflow"}}
{"__type":"$$EventMessageConfirm","confirm":"8729f33c-9874-4751-9e83-59eb30347a38","ts":"2026-02-04T01:57:33.071-05:00","source":{"id":"0","name":"eventBus"}}
{"__type":"$$EventMessageWorkflow","id":"ba5ca1b2-5e44-4f89-a8ce-2094dba70dfb","ts":"2026-02-04T02:05:28.900-05:00","eventName":"n8n.workflow.started","message":"n8n.workflow.started","payload":{"executionId":"30","workflowId":"_53rNqn32yrHtL0nStmtK","isManual":false,"workflowName":"lyw_workflow"}}
{"__type":"$$EventMessageConfirm","confirm":"ba5ca1b2-5e44-4f89-a8ce-2094dba70dfb","ts":"2026-02-04T02:05:28.900-05:00","source":{"id":"0","name":"eventBus"}}
{"__type":"$$EventMessageNode","id":"4ab8cc42-bffa-4ef7-8138-217ccf01d8bd","ts":"2026-02-04T02:05:28.902-05:00","eventName":"n8n.node.started","message":"n8n.node.started","payload":{"workflowId":"_53rNqn32yrHtL0nStmtK","workflowName":"lyw_workflow","executionId":"30","nodeType":"n8n-nodes-base.webhook","nodeName":"Webhook","nodeId":"fdcdd9e1-9257-4813-80c9-a30bccba2339"}}
{"__type":"$$EventMessageConfirm","confirm":"4ab8cc42-bffa-4ef7-8138-217ccf01d8bd","ts":"2026-02-04T02:05:28.903-05:00","source":{"id":"0","name":"eventBus"}}
{"__type":"$$EventMessageNode","id":"aac79757-22ef-4acb-b292-51539cfa36eb","ts":"2026-02-04T02:05:28.905-05:00","eventName":"n8n.node.finished","message":"n8n.node.finished","payload":{"workflowId":"_53rNqn32yrHtL0nStmtK","workflowName":"lyw_workflow","executionId":"30","nodeType":"n8n-nodes-base.webhook","nodeName":"Webhook","nodeId":"fdcdd9e1-9257-4813-80c9-a30bccba2339"}}
{"__type":"$$EventMessageConfirm","confirm":"aac79757-22ef-4acb-b292-51539cfa36eb","ts":"2026-02-04T02:05:28.905-05:00","source":{"id":"0","name":"eventBus"}}
{"__type":"$$EventMessageNode","id":"e628a342-720b-4db2-bb2f-bad5080089a8","ts":"2026-02-04T02:05:28.905-05:00","eventName":"n8n.node.started","message":"n8n.node.started","payload":{"workflowId":"_53rNqn32yrHtL0nStmtK","workflowName":"lyw_workflow","executionId":"30","nodeType":"n8n-nodes-base.httpRequest","nodeName":"HTTP Request1","nodeId":"243f0b83-8ff0-43b5-8cc6-fae68169b01a"}}
{"__type":"$$EventMessageConfirm","confirm":"e628a342-720b-4db2-bb2f-bad5080089a8","ts":"2026-02-04T02:05:28.905-05:00","source":{"id":"0","name":"eventBus"}}
{"__type":"$$EventMessageNode","id":"43c48200-ba19-4023-9c8c-d32f0335b2d6","ts":"2026-02-04T02:05:29.281-05:00","eventName":"n8n.node.finished","message":"n8n.node.finished","payload":{"workflowId":"_53rNqn32yrHtL0nStmtK","workflowName":"lyw_workflow","executionId":"30","nodeType":"n8n-nodes-base.httpRequest","nodeName":"HTTP Request1","nodeId":"243f0b83-8ff0-43b5-8cc6-fae68169b01a"}}
{"__type":"$$EventMessageConfirm","confirm":"43c48200-ba19-4023-9c8c-d32f0335b2d6","ts":"2026-02-04T02:05:29.282-05:00","source":{"id":"0","name":"eventBus"}}
{"__type":"$$EventMessageNode","id":"567bb30f-17fb-4770-83a2-d455e4779f52","ts":"2026-02-04T02:05:29.283-05:00","eventName":"n8n.node.started","message":"n8n.node.started","payload":{"workflowId":"_53rNqn32yrHtL0nStmtK","workflowName":"lyw_workflow","executionId":"30","nodeType":"n8n-nodes-base.code","nodeName":"Code in JavaScript1","nodeId":"948bbe64-85da-4a66-8bdf-bb2b924ecd83"}}
{"__type":"$$EventMessageConfirm","confirm":"567bb30f-17fb-4770-83a2-d455e4779f52","ts":"2026-02-04T02:05:29.283-05:00","source":{"id":"0","name":"eventBus"}}
{"__type":"$$EventMessageRunner","id":"a3eaaf24-abcf-424f-a36e-03e254695f3f","ts":"2026-02-04T02:05:29.289-05:00","eventName":"n8n.runner.task.requested","message":"n8n.runner.task.requested","payload":{"taskId":"tzS6Zo9b","nodeId":"948bbe64-85da-4a66-8bdf-bb2b924ecd83","workflowId":"_53rNqn32yrHtL0nStmtK","executionId":"30"}}
{"__type":"$$EventMessageConfirm","confirm":"a3eaaf24-abcf-424f-a36e-03e254695f3f","ts":"2026-02-04T02:05:29.289-05:00","source":{"id":"0","name":"eventBus"}}
{"__type":"$$EventMessageRunner","id":"5e5c7bf2-6974-4149-9b7e-ab0ccc2eb471","ts":"2026-02-04T02:05:29.307-05:00","eventName":"n8n.runner.response.received","message":"n8n.runner.response.received","payload":{"taskId":"tzS6Zo9b","nodeId":"948bbe64-85da-4a66-8bdf-bb2b924ecd83","workflowId":"_53rNqn32yrHtL0nStmtK","executionId":"30"}}
{"__type":"$$EventMessageConfirm","confirm":"5e5c7bf2-6974-4149-9b7e-ab0ccc2eb471","ts":"2026-02-04T02:05:29.307-05:00","source":{"id":"0","name":"eventBus"}}
{"__type":"$$EventMessageNode","id":"c44708c1-5d27-4dc7-837f-0478f5fa8367","ts":"2026-02-04T02:05:29.307-05:00","eventName":"n8n.node.finished","message":"n8n.node.finished","payload":{"workflowId":"_53rNqn32yrHtL0nStmtK","workflowName":"lyw_workflow","executionId":"30","nodeType":"n8n-nodes-base.code","nodeName":"Code in JavaScript1","nodeId":"948bbe64-85da-4a66-8bdf-bb2b924ecd83"}}
{"__type":"$$EventMessageConfirm","confirm":"c44708c1-5d27-4dc7-837f-0478f5fa8367","ts":"2026-02-04T02:05:29.307-05:00","source":{"id":"0","name":"eventBus"}}
{"__type":"$$EventMessageNode","id":"cd092671-1d09-462d-8062-61583e349213","ts":"2026-02-04T02:05:29.308-05:00","eventName":"n8n.node.started","message":"n8n.node.started","payload":{"workflowId":"_53rNqn32yrHtL0nStmtK","workflowName":"lyw_workflow","executionId":"30","nodeType":"@n8n/n8n-nodes-langchain.googleGemini","nodeName":"Message a model1","nodeId":"3be182f1-5541-4d2d-9295-ab66187747c2"}}
{"__type":"$$EventMessageConfirm","confirm":"cd092671-1d09-462d-8062-61583e349213","ts":"2026-02-04T02:05:29.308-05:00","source":{"id":"0","name":"eventBus"}}
{"__type":"$$EventMessageNode","id":"71ec10cd-ebe6-4477-8842-7a690e2fad18","ts":"2026-02-04T02:05:49.503-05:00","eventName":"n8n.node.finished","message":"n8n.node.finished","payload":{"workflowId":"_53rNqn32yrHtL0nStmtK","workflowName":"lyw_workflow","executionId":"30","nodeType":"@n8n/n8n-nodes-langchain.googleGemini","nodeName":"Message a model1","nodeId":"3be182f1-5541-4d2d-9295-ab66187747c2"}}
{"__type":"$$EventMessageConfirm","confirm":"71ec10cd-ebe6-4477-8842-7a690e2fad18","ts":"2026-02-04T02:05:49.503-05:00","source":{"id":"0","name":"eventBus"}}
{"__type":"$$EventMessageNode","id":"357de362-3a4e-400d-b7dd-0b2d4988a4bb","ts":"2026-02-04T02:05:49.504-05:00","eventName":"n8n.node.started","message":"n8n.node.started","payload":{"workflowId":"_53rNqn32yrHtL0nStmtK","workflowName":"lyw_workflow","executionId":"30","nodeType":"n8n-nodes-base.respondToWebhook","nodeName":"Respond to Webhook","nodeId":"d0fe7e3b-bba3-4c37-b2c1-aa91e196c9d4"}}
{"__type":"$$EventMessageConfirm","confirm":"357de362-3a4e-400d-b7dd-0b2d4988a4bb","ts":"2026-02-04T02:05:49.504-05:00","source":{"id":"0","name":"eventBus"}}
{"__type":"$$EventMessageNode","id":"37f68afa-4445-4485-8a81-3ac0d712a730","ts":"2026-02-04T02:05:49.508-05:00","eventName":"n8n.node.finished","message":"n8n.node.finished","payload":{"workflowId":"_53rNqn32yrHtL0nStmtK","workflowName":"lyw_workflow","executionId":"30","nodeType":"n8n-nodes-base.respondToWebhook","nodeName":"Respond to Webhook","nodeId":"d0fe7e3b-bba3-4c37-b2c1-aa91e196c9d4"}}
{"__type":"$$EventMessageConfirm","confirm":"37f68afa-4445-4485-8a81-3ac0d712a730","ts":"2026-02-04T02:05:49.508-05:00","source":{"id":"0","name":"eventBus"}}
{"__type":"$$EventMessageWorkflow","id":"2d78aded-1236-4f24-ac3b-94c4961fc3f6","ts":"2026-02-04T02:05:49.515-05:00","eventName":"n8n.workflow.success","message":"n8n.workflow.success","payload":{"executionId":"30","success":true,"isManual":true,"workflowId":"_53rNqn32yrHtL0nStmtK","workflowName":"lyw_workflow"}}
{"__type":"$$EventMessageConfirm","confirm":"2d78aded-1236-4f24-ac3b-94c4961fc3f6","ts":"2026-02-04T02:05:49.515-05:00","source":{"id":"0","name":"eventBus"}}
